ID	Taxon	Gloss	GlossID	IPA	Tokens	CogID	
1	Dutch	all	1	ɑlə	ɑ l ə	363	
2	Swedish	all	1	alː	a lː	509	
3	English	all	1	ɔːl	ɔː l	200	
4	German	all	1	al	a l	285	
5	Spanish	all	1	entero	e n t e r o	853	
6	Danish	all	1	æˀl	æˀ l	101	
7	Bulgarian	all	1	vsiʧki	v s i ʧ k i	853	
8	Greek	all	1	kaθe	k a θ e	68	
9	Romanian	all	1	tot	t o t	853	
10	Russian	all	1	fsʲe	f sʲ e	779	
11	Polish	all	1	fʃɨsʦɨ	f ʃ ɨ s ʦ ɨ	853	
12	Norwegian	all	1	ɑlə	ɑ l ə	363	
13	French	all	1	tu	t u	435	
14	Czech	all	1	fʃɪxnʲɪ	f ʃ ɪ x nʲ ɪ	853	
15	Icelandic	all	1	at͡lir	a t͡l i r	853	
16	Italian	all	1	intɛro	i n t ɛ r o	853	
17	Hindi	all	1	səb	s ə b	549	
18	Portuguese	all	1	todu	t o d u	853	
19	Spanish	all	1	toðo	t o ð o	853	
20	Romanian	all	1	ɨntreg	ɨ n t r e g	853	
21	French	all	1	ɑ̃tje	ɑ̃ t j e	435	
22	Italian	all	1	tutto	t u tː o	853	
23	Hindi	all	1	saːraː	s aː r aː	549	
24	Dutch	ashes	2	ɑs	ɑ s	258	
25	Swedish	ashes	2	asːka	a sː k a	326	
26	English	ashes	2	æʃ	æ ʃ	175	
27	German	ashes	2	aʃə	a ʃ ə	508	
28	Spanish	ashes	2	θeniθa	θ e n i θ a	911	
29	Danish	ashes	2	asg	a s g	316	
30	Bulgarian	ashes	2	pɛpɛl	p ɛ p ɛ l	911	
31	Greek	ashes	2	staxti	s t a x t i	911	
32	Armenian	ashes	2	moχiɾ	m o χ i ɾ	911	
33	Romanian	ashes	2	ʧenuʃə	ʧ e n u ʃ ə	911	
34	Russian	ashes	2	zɐla	z ɐ l a	911	
35	Polish	ashes	2	pɔpʲuw	p ɔ pʲ u w	911	
36	Norwegian	ashes	2	ɑsk	ɑ s k	329	
37	French	ashes	2	sɑ̃dʁ	s ɑ̃ d ʁ	486	
38	Czech	ashes	2	popɛl	p o p ɛ l	911	
39	Icelandic	ashes	2	aska	a s k a	326	
40	Italian	ashes	2	ʧenere	ʧ e n e r e	911	
41	Hindi	ashes	2	raːkʰ	r aː kʰ	400	
42	Portuguese	ashes	2	sĩzɐ	s ĩ z ɐ	34	
43	Russian	ashes	2	pʲepɪlʲ	pʲ e p ɪ lʲ	911	
44	Dutch	bark	3	bɑst	b ɑ s t	973	
45	Swedish	bark	3	barːk	b a rː k	973	
46	English	bark	3	bɑːrk	b ɑː r k	973	
47	German	bark	3	rɪndə	r ɪ n d ə	428	
48	Spanish	bark	3	koɾteθa	k o ɾ t e θ a	973	
49	Danish	bark	3	bɑːg	b ɑː g	703	
50	Bulgarian	bark	3	kora	k o r a	973	
51	Greek	bark	3	flios	f l io s	816	
52	Armenian	bark	3	kɛʁɛv	k ɛ ʁ ɛ v	789	
53	Romanian	bark	3	skwarʦə	s k w a r ʦ ə	973	
54	Russian	bark	3	kɐra	k ɐ r a	973	
55	Polish	bark	3	kɔra	k ɔ r a	973	
56	Norwegian	bark	3	bɑɾk	b ɑ ɾ k	973	
57	French	bark	3	ekɔʁs	e k ɔ ʁ s	159	
58	Czech	bark	3	kuːra	k uː r a	973	
59	Icelandic	bark	3	bœrkʏr	b œ r k ʏ r	973	
60	Italian	bark	3	korteʧʧa	k o r t e ʧː a	973	
61	Hindi	bark	3	ʧʰaːl	ʧʰ aː l	837	
62	Portuguese	bark	3	kaʃkɐ	k a ʃ k ɐ	973	
63	Dutch	belly	4	bœyk	b œy k	47	
64	Swedish	belly	4	maːge	m aː g e	529	
65	English	belly	4	bɛlɪ	b ɛ l ɪ	3	
66	German	belly	4	baux	b au x	818	
67	Spanish	belly	4	bjentre	b j e n t r e	818	
68	Danish	belly	4	ɔnʌliwˀ	ɔ n ʌ l i wˀ	529	
69	Bulgarian	belly	4	korɛm	k o r ɛ m	282	
70	Greek	belly	4	ciʎa	c i ʎ a	19	
71	Romanian	belly	4	pənteʦe	p ə n t e ʦ e	818	
72	Russian	belly	4	ʒɨvot	ʒ ɨ v o t	153	
73	Polish	belly	4	bʒux	b ʒ u x	818	
74	Norwegian	belly	4	mɑːgə	m ɑː g ə	529	
75	French	belly	4	vɑ̃tʁ	v ɑ̃ t ʁ	818	
76	Czech	belly	4	brɪxo	b r ɪ x o	818	
77	Icelandic	belly	4	kʰvɪːðʏr	kʰ v ɪː ð ʏ r	980	
78	Italian	belly	4	panʧa	p a n ʧ a	818	
79	Hindi	belly	4	peːʈ	p eː ʈ	958	
80	Portuguese	belly	4	vẽtrə	v ẽ t r ə	818	
81	Swedish	belly	4	buk	b u k	529	
82	Danish	belly	4	mæːvə	m æː v ə	529	
83	Norwegian	belly	4	bʉːk	b ʉː k	529	
84	Italian	belly	4	vɛntre	v ɛ n t r e	818	
85	Portuguese	belly	4	bɐʀigɐ	b ɐ ʀ i g ɐ	818	
86	Dutch	big	5	xroːt	x r oː t	796	
87	Swedish	big	5	stoːr	s t oː r	867	
88	English	big	5	bɪɡ	b ɪ ɡ	796	
89	German	big	5	ɡroːs	ɡ r oː s	796	
90	Spanish	big	5	ɡɾande	ɡ ɾ a n d e	796	
91	Danish	big	5	sdoˀʁ	s d oˀ ʁ	44	
92	Bulgarian	big	5	golʲam	g o lʲ a m	867	
93	Greek	big	5	meɣalos	m e ɣ a l o s	867	
94	Armenian	big	5	mɛʦ	m ɛ ʦ	23	
95	Romanian	big	5	mare	m a r e	327	
96	Russian	big	5	bɐlʲʃoj	b ɐ lʲ ʃ o j	867	
97	Polish	big	5	vʲɛlki	vʲ ɛ l k i	439	
98	Norwegian	big	5	stuːɾ	s t uː ɾ	867	
99	French	big	5	ɡʁã	ɡ ʁ ã	66	
100	Czech	big	5	vɛlkiː	v ɛ l k iː	439	
101	Icelandic	big	5	stouːr	s t ouː r	867	
102	Italian	big	5	ɡrande	ɡ r a n d e	796	
103	Hindi	big	5	bəɽaː	b ə ɽ aː	976	
104	Portuguese	big	5	grɐ̃də	g r ɐ̃ d ə	796	
105	English	big	5	ɡreɪt	ɡ r eɪ t	796	
106	Polish	big	5	duʒɨ	d u ʒ ɨ	439	
107	Icelandic	big	5	mɪːcɪt͡l	m ɪː c ɪ t͡l	867	
108	Dutch	bird	6	voːɣəl	v oː ɣ ə l	739	
109	Swedish	bird	6	foːgel	f oː g e l	739	
110	English	bird	6	bɜːrd	b ɜː r d	299	
111	German	bird	6	foːɡəl	f oː ɡ ə l	739	
112	Spanish	bird	6	paxaro	p a x a r o	739	
113	Danish	bird	6	fuˀl	f uˀ l	607	
114	Bulgarian	bird	6	ptiʦə	p t i ʦ ə	861	
115	Greek	bird	6	puli	p u l i	412	
116	Armenian	bird	6	tʰərʧʰun	tʰ ə r ʧʰ u n	962	
117	Romanian	bird	6	pasəre	p a s ə r e	739	
118	Russian	bird	6	ptʲiʦə	p tʲ i ʦ ə	861	
119	Polish	bird	6	ptak	p t a k	717	
120	Norwegian	bird	6	fʉːl	f ʉː l	262	
121	French	bird	6	wazo	w a z o	485	
122	Czech	bird	6	ptaːk	p t aː k	717	
123	Icelandic	bird	6	fʏkl	f ʏ k l	739	
124	Italian	bird	6	uʧːɛllo	u ʧː ɛ lː o	512	
125	Hindi	bird	6	ʧɪɽɪyaː	ʧ ɪ ɽ ɪyaː	397	
126	Portuguese	bird	6	avə	a v ə	739	
127	Spanish	bird	6	ave	a v e	739	
128	Portuguese	bird	6	pasɐru	p a s ɐ r u	739	
129	Dutch	bite (V)	7	bɛɪtə	b ɛɪ t ə	889	
130	Swedish	bite (V)	7	biːta	b iː t a	889	
131	English	bite (V)	7	baɪt	b aɪ t	889	
132	German	bite (V)	7	baisən	b ai s ə n	889	
133	Spanish	bite (V)	7	moɾðeɾ	m o ɾ ð e ɾ	889	
134	Danish	bite (V)	7	biːðə	b iː ð ə	889	
135	Bulgarian	bite (V)	7	xəpa	x ə p a	631	
136	Greek	bite (V)	7	ðaŋɡono	ð a ŋ ɡ o n o	889	
137	Armenian	bite (V)	7	kəʦɛl	k ə ʦ ɛ l	889	
138	Romanian	bite (V)	7	muʃka	m u ʃ k a	889	
139	Russian	bite (V)	7	kusatʲ	k u s a tʲ	889	
140	Polish	bite (V)	7	ssaʨ	sː a ʨ	33	
141	Norwegian	bite (V)	7	biːtə	b iː t ə	889	
142	French	bite (V)	7	mɔʁdʁ	m ɔ ʁ d ʁ	889	
143	Czech	bite (V)	7	kowsat	k o w s a t	889	
144	Icelandic	bite (V)	7	piːta	p iː t a	889	
145	Italian	bite (V)	7	mɔrdere	m ɔ r d e r e	889	
146	Hindi	bite (V)	7	kaːʈnaː	k aː ʈ n aː	889	
147	Portuguese	bite (V)	7	murder	m u r d e r	889	
148	Dutch	black	8	zʋɑrt	z ʋ ɑ r t	937	
149	Swedish	black	8	svartː	s v a r tː	937	
150	English	black	8	blæk	b l æ k	229	
151	German	black	8	ʃvart͡s	ʃ v a r t͡s	937	
152	Spanish	black	8	neɣɾo	n e ɣ ɾ o	937	
153	Danish	black	8	sɒːd	s ɒː d	95	
154	Bulgarian	black	8	ʧɛrɛn	ʧ ɛ r ɛ n	937	
155	Greek	black	8	mavros	m a v r o s	937	
156	Armenian	black	8	sɛv	s ɛ v	82	
157	Romanian	black	8	neɡru	n e ɡ r u	937	
158	Russian	black	8	ʧornɨj	ʧ o r n ɨ j	937	
159	Polish	black	8	ʧarnɨ	ʧ a r n ɨ	937	
160	Norwegian	black	8	sɔʈ	s ɔ ʈ	704	
161	French	black	8	nwaʁ	n w a ʁ	74	
162	Czech	black	8	ʧɛrniː	ʧ ɛ r n iː	937	
163	Icelandic	black	8	svar̥tʏr	s v a r̥ t ʏ r	937	
164	Italian	black	8	nero	n e r o	937	
165	Hindi	black	8	kaːlaː	k aː l aː	347	
166	Portuguese	black	8	pretu	p r e t u	113	
167	Dutch	blood	9	bluːt	b l uː t	978	
168	Swedish	blood	9	bloːd	b l oː d	978	
169	English	blood	9	blʌd	b l ʌ d	978	
170	German	blood	9	bluːt	b l uː t	978	
171	Spanish	blood	9	saŋɡɾe	s a ŋ ɡ ɾ e	1001	
172	Danish	blood	9	bloˀð	b l oˀ ð	978	
173	Bulgarian	blood	9	krɤf	k r ɤ f	993	
174	Greek	blood	9	ema	e m a	480	
175	Armenian	blood	9	ɑɾɪun	ɑ ɾ ɪu n	13	
176	Romanian	blood	9	sɨnʤe	s ɨ n ʤ e	1001	
177	Russian	blood	9	krofʲ	k r o fʲ	993	
178	Polish	blood	9	krɛf	k r ɛ f	993	
179	Norwegian	blood	9	bluː	b l uː	978	
180	French	blood	9	sɑ̃	s ɑ̃	216	
181	Czech	blood	9	krɛf	k r ɛ f	993	
182	Icelandic	blood	9	plouːθ	p l ouː θ	978	
183	Italian	blood	9	saŋɡwe	s a ŋ ɡ w e	1001	
184	Portuguese	blood	9	sɐ̃gə	s ɐ̃ g ə	366	
185	Dutch	bone	10	beːn	b eː n	1017	
186	Swedish	bone	10	beːn	b eː n	1017	
187	English	bone	10	bəʊn	b əʊ n	272	
188	German	bone	10	knɔxən	k n ɔ x ə n	42	
189	Spanish	bone	10	weso	w e s o	500	
190	Danish	bone	10	beˀn	b eˀ n	751	
191	Bulgarian	bone	10	kɔst	k ɔ s t	731	
192	Greek	bone	10	kokalo	k o k a l o	555	
193	Armenian	bone	10	voskoɾ	v o s k o ɾ	555	
194	Romanian	bone	10	os	o s	446	
195	Russian	bone	10	kosʲtʲ	k o sʲ tʲ	731	
196	Polish	bone	10	kɔɕʨ	k ɔ ɕ ʨ	731	
197	Norwegian	bone	10	beːn	b eː n	1017	
198	French	bone	10	ɔs	ɔ s	820	
199	Czech	bone	10	kost	k o s t	731	
200	Icelandic	bone	10	peiːn	p eiː n	274	
201	Italian	bone	10	ɔsso	ɔ sː o	67	
202	Hindi	bone	10	həɖɖiː	h ə ɖː iː	708	
203	Portuguese	bone	10	osu	o s u	577	
204	Dutch	breast	11	bɔrst	b ɔ r s t	995	
205	Swedish	breast	11	brøst	b r ø s t	995	
206	English	breast	11	brɛst	b r ɛ s t	995	
207	German	breast	11	brʊst	b r ʊ s t	995	
208	Spanish	breast	11	seno	s e n o	995	
209	Danish	breast	11	bʁœsd	b ʁ œ s d	995	
210	Bulgarian	breast	11	ɡrɤt	ɡ r ɤ t	995	
211	Greek	breast	11	stiθos	s t i θ o s	995	
212	Armenian	breast	11	kuɾʦkʰ	k u ɾ ʦ kʰ	995	
213	Romanian	breast	11	pjept	p j e p t	995	
214	Russian	breast	11	ɡrutʲ	ɡ r u tʲ	995	
215	Polish	breast	11	pʲɛrɕ	pʲ ɛ r ɕ	665	
216	Norwegian	breast	11	bɾyst	b ɾ y s t	995	
217	French	breast	11	pwatʁin	p w a t ʁ i n	995	
218	Czech	breast	11	pr̩sa	p r̩ s a	590	
219	Icelandic	breast	11	b̥rjousd̥	b̥ r j ou s d̥	995	
220	Italian	breast	11	seno	s e n o	995	
221	Hindi	breast	11	ʧaːtiː	ʧ aː t iː	15	
222	Portuguese	breast	11	pɐjtu	p ɐ j t u	995	
223	Spanish	breast	11	peʧo	p e ʧ o	995	
224	Romanian	breast	11	sɨn	s ɨ n	995	
225	French	breast	11	sɛ̃	s ɛ̃	995	
226	Italian	breast	11	pɛtto	p ɛ tː o	995	
227	Portuguese	breast	11	sɐju	s ɐ j u	995	
228	Dutch	burn (V)	12	brɑndə	b r ɑ n d ə	909	
229	Swedish	burn (V)	12	brɛnːa	b r ɛ nː a	909	
230	English	burn (V)	12	bɜːrn	b ɜː r n	392	
231	German	burn (V)	12	brɛnən	b r ɛ n ə n	909	
232	Spanish	burn (V)	12	kemaɾ	k e m a ɾ	909	
233	Danish	burn (V)	12	bʁanə	b ʁ a n ə	909	
234	Bulgarian	burn (V)	12	ɡɔra	ɡ ɔ r a	295	
235	Greek	burn (V)	12	ceo	c eo	38	
236	Armenian	burn (V)	12	ɑɪɾvɛl	ɑɪ ɾ v ɛ l	757	
237	Romanian	burn (V)	12	arde	a r d e	357	
238	Russian	burn (V)	12	ʒetʲ	ʒ e tʲ	624	
239	Polish	burn (V)	12	paliʨ	p a l i ʨ	1002	
240	Norwegian	burn (V)	12	bɾenə	b ɾ e n ə	909	
241	French	burn (V)	12	bʁyle	b ʁ y l e	909	
242	Czech	burn (V)	12	paːlit	p aː l i t	1002	
243	Icelandic	burn (V)	12	b̥rɛtna	b̥ r ɛ t n a	909	
244	Italian	burn (V)	12	bruʧːare	b r u ʧː a r e	909	
245	Hindi	burn (V)	12	ʤəlnaː	ʤ ə l n aː	909	
246	Portuguese	burn (V)	12	kɐjmar	k ɐ j m a r	909	
247	Dutch	claw	13	naːɣəl	n aː ɣ ə l	935	
248	Swedish	claw	13	naːgel	n aː g e l	935	
249	English	claw	13	neɪl	n eɪ l	935	
250	German	claw	13	naːɡəl	n aː ɡ ə l	935	
251	Spanish	claw	13	uɲa	u ɲ a	413	
252	Danish	claw	13	nɑjˀl	n ɑ jˀ l	935	
253	Bulgarian	claw	13	nɔkət	n ɔ k ə t	935	
254	Greek	claw	13	niçi	n i ç i	349	
255	Armenian	claw	13	jɛʁung	j ɛ ʁ u n g	935	
256	Romanian	claw	13	ungje	u n g j e	1005	
257	Russian	claw	13	noɡətʲ	n o ɡ ə tʲ	935	
258	Polish	claw	13	paznɔkʲɛʨ	p a z n ɔ kʲ ɛ ʨ	935	
259	Norwegian	claw	13	næjl	n æ j l	935	
260	French	claw	13	ɔ̃ɡl	ɔ̃ ɡ l	488	
261	Czech	claw	13	nɛɦɛt	n ɛ ɦ ɛ t	935	
262	Icelandic	claw	13	nakl	n a k l	935	
263	Italian	claw	13	unɡja	u n ɡ j a	1005	
264	Hindi	claw	13	naːkʰ	n aː kʰ	401	
265	Portuguese	claw	13	uɲɐ	u ɲ ɐ	603	
266	Dutch	cloud	14	ʋɔlk	ʋ ɔ l k	642	
267	Swedish	cloud	14	ɧyː	ɧ yː	823	
268	English	cloud	14	klaʊd	k l aʊ d	242	
269	German	cloud	14	vɔlkə	v ɔ l k ə	642	
270	Spanish	cloud	14	nuβe	n u β e	959	
271	Danish	cloud	14	sgyˀ	s g yˀ	548	
272	Bulgarian	cloud	14	ɔblək	ɔ b l ə k	642	
273	Greek	cloud	14	sinefo	s i n e f o	959	
274	Armenian	cloud	14	ɑmp	ɑ m p	110	
275	Romanian	cloud	14	nor	n o r	138	
276	Russian	cloud	14	obləkə	o b l ə k ə	642	
277	Polish	cloud	14	ɔbwɔk	ɔ b w ɔ k	642	
278	Norwegian	cloud	14	ʃyː	ʃ yː	634	
279	French	cloud	14	nɥaj	n ɥ a j	959	
280	Czech	cloud	14	oblak	o b l a k	642	
281	Icelandic	cloud	14	sciː	s c iː	484	
282	Italian	cloud	14	nuvola	n u v o l a	959	
283	Hindi	cloud	14	baːdəl	b aː d ə l	959	
284	Portuguese	cloud	14	nuvɐ̃j	n u v ɐ̃ j	959	
285	Swedish	cloud	14	moːln	m oː l n	823	
286	Dutch	cold	15	kɑut	k ɑu t	689	
287	Swedish	cold	15	kalː	k a lː	320	
288	English	cold	15	kəʊld	k əʊ l d	738	
289	German	cold	15	kalt	k a l t	738	
290	Spanish	cold	15	fri.o	f r i o	854	
291	Danish	cold	15	kʌlˀ	k ʌ lˀ	27	
292	Bulgarian	cold	15	studɛn	s t u d ɛ n	738	
293	Greek	cold	15	p͡sixros	p͡s i x r o s	738	
294	Romanian	cold	15	reʧe	r e ʧ e	854	
295	Russian	cold	15	xɐlodnɨj	x ɐ l o d n ɨ j	738	
296	Polish	cold	15	xwɔdnɨ	x w ɔ d n ɨ	738	
297	Norwegian	cold	15	kɑl	k ɑ l	261	
298	French	cold	15	fʁwa	f ʁ w a	1	
299	Czech	cold	15	xladniː	x l a d n iː	738	
300	Icelandic	cold	15	kʰaltʏr	kʰ a l t ʏ r	738	
301	Italian	cold	15	freddo	f r e dː o	854	
302	Hindi	cold	15	ʈʰəɳɖaː	ʈʰ ə ɳ ɖ aː	87	
303	Portuguese	cold	15	friw	f r i w	854	
304	Romanian	cold	15	frig	f r i g	854	
305	Polish	cold	15	ʑimnɨ	ʑ i m n ɨ	738	
306	Czech	cold	15	stʊdɛniː	s t ʊ d ɛ n iː	738	
307	Dutch	come (V)	16	aːŋkoːmə	aː ŋ k oː m ə	1024	
308	Swedish	come (V)	16	komːa	k o mː a	670	
309	English	come (V)	16	kʌm	k ʌ m	1024	
310	German	come (V)	16	kɔmən	k ɔ m ə n	1024	
311	Spanish	come (V)	16	beniɾ	b e n i ɾ	1024	
312	Danish	come (V)	16	kʌmə	k ʌ m ə	1024	
313	Bulgarian	come (V)	16	idvam	i d v a m	1024	
314	Greek	come (V)	16	erxome	e r x o m e	1024	
315	Armenian	come (V)	16	gɑl	g ɑ l	245	
316	Romanian	come (V)	16	veni	v e n i	1024	
317	Russian	come (V)	16	prʲɪjtʲi	p rʲ ɪ j tʲ i	720	
318	Polish	come (V)	16	pʃɨjɕʨ	p ʃ ɨ j ɕ ʨ	720	
319	Norwegian	come (V)	16	kɔmə	k ɔ m ə	1024	
320	French	come (V)	16	vəniʁ	v ə n i ʁ	1024	
321	Czech	come (V)	16	prɪjiːt	p r ɪ j iː t	720	
322	Icelandic	come (V)	16	kʰɔːma	kʰ ɔː m a	477	
323	Italian	come (V)	16	venire	v e n i r e	1024	
324	Hindi	come (V)	16	aːnaː	aː n aː	729	
325	Portuguese	come (V)	16	vir	v i r	895	
326	Russian	come (V)	16	prʲɪxɐdʲitʲ	p rʲ ɪ x ɐ dʲ i tʲ	720	
327	Polish	come (V)	16	pʃɨxɔʥiʨ	p ʃ ɨ x ɔ ʥ i ʨ	720	
328	Dutch	die (V)	17	stɛrvə	s t ɛ r v ə	883	
329	Swedish	die (V)	17	dø	d ø	767	
330	English	die (V)	17	daɪ	d aɪ	809	
331	German	die (V)	17	ʃtɛrbən	ʃ t ɛ r b ə n	883	
332	Spanish	die (V)	17	moɾiɾ	m o ɾ i ɾ	883	
333	Danish	die (V)	17	døˀ	d øˀ	186	
334	Bulgarian	die (V)	17	umrɤ	u m r ɤ	57	
335	Greek	die (V)	17	peθeno	p e θ e n o	883	
336	Armenian	die (V)	17	mɛrnɛl	m ɛ r n ɛ l	883	
337	Romanian	die (V)	17	muri	m u r i	883	
338	Russian	die (V)	17	umʲɪrʲetʲ	u mʲ ɪ rʲ e tʲ	883	
339	Polish	die (V)	17	umʲɛraʨ	u mʲ ɛ r a ʨ	883	
340	Norwegian	die (V)	17	døː	d øː	768	
341	French	die (V)	17	muʁiʁ	m u ʁ i ʁ	883	
342	Czech	die (V)	17	ʊmiːrat	ʊ m iː r a t	883	
343	Icelandic	die (V)	17	teiːja	t eiː j a	883	
344	Italian	die (V)	17	morire	m o r i r e	883	
345	Hindi	die (V)	17	mərnaː	m ə r n aː	883	
346	Portuguese	die (V)	17	muʀer	m u ʀ e r	883	
347	Dutch	dog	18	hɔnt	h ɔ n t	429	
348	Swedish	dog	18	hunːd	h u nː d	190	
349	English	dog	18	dɔɡ	d ɔ ɡ	845	
350	German	dog	18	hʊnt	h ʊ n t	429	
351	Spanish	dog	18	pero	p e r o	877	
352	Danish	dog	18	hunˀ	h u nˀ	275	
353	Bulgarian	dog	18	kuʧɛ	k u ʧ ɛ	788	
354	Greek	dog	18	scilos	s c i l o s	150	
355	Armenian	dog	18	ʃun	ʃ u n	40	
356	Romanian	dog	18	kɨjne	k ɨ j n e	788	
357	Russian	dog	18	sɐbakə	s ɐ b a k ə	964	
358	Polish	dog	18	pʲɛs	pʲ ɛ s	967	
359	Norwegian	dog	18	hʉn	h ʉ n	286	
360	French	dog	18	ʃjɛ̃	ʃ j ɛ̃	313	
361	Czech	dog	18	pɛs	p ɛ s	226	
362	Icelandic	dog	18	hʏntʏr	h ʏ n t ʏ r	429	
363	Italian	dog	18	kane	k a n e	788	
364	Hindi	dog	18	kʊttaː	k ʊ tː aː	656	
365	Portuguese	dog	18	kɐ̃uː	k ɐ̃uː	1010	
366	Russian	dog	18	pʲos	pʲ o s	964	
367	Dutch	drink (V)	19	drɪŋkə	d r ɪ ŋ k ə	841	
368	Swedish	drink (V)	19	drikːa	d r i kː a	841	
369	English	drink (V)	19	drɪŋk	d r ɪ ŋ k	841	
370	German	drink (V)	19	trɪŋkən	t r ɪ ŋ k ə n	841	
371	Spanish	drink (V)	19	beβeɾ	b e β e ɾ	713	
372	Danish	drink (V)	19	dʁɛgə	d ʁ ɛ g ə	841	
373	Bulgarian	drink (V)	19	pijə	p i j ə	841	
374	Greek	drink (V)	19	pino	p i n o	841	
375	Armenian	drink (V)	19	χəmɛl	χ ə m ɛ l	713	
376	Romanian	drink (V)	19	be.a	b e a	182	
377	Russian	drink (V)	19	pʲitʲ	pʲ i tʲ	452	
378	Polish	drink (V)	19	piʨ	p i ʨ	135	
379	Norwegian	drink (V)	19	dɾikə	d ɾ i k ə	841	
380	French	drink (V)	19	bwɑʁ	b w ɑ ʁ	560	
381	Czech	drink (V)	19	piːt	p iː t	376	
382	Icelandic	drink (V)	19	trɛʰka	t r ɛʰ k a	841	
383	Italian	drink (V)	19	bere	b e r e	713	
384	Hindi	drink (V)	19	piːnaː	p iː n aː	841	
385	Portuguese	drink (V)	19	bəber	b ə b e r	713	
386	Dutch	dry	20	droːx	d r oː x	63	
387	Swedish	dry	20	torː	t o rː	424	
388	English	dry	20	draɪ	d r aɪ	385	
389	German	dry	20	trɔkən	t r ɔ k ə n	782	
390	Spanish	dry	20	seko	s e k o	782	
391	Danish	dry	20	tɶˀʁ	t ɶˀ ʁ	617	
392	Bulgarian	dry	20	sux	s u x	782	
393	Greek	dry	20	k͡seros	k͡s e r o s	782	
394	Romanian	dry	20	sek	s e k	782	
395	Russian	dry	20	suxoj	s u x o j	782	
396	Polish	dry	20	suxɨ	s u x ɨ	782	
397	Norwegian	dry	20	tœɾ	t œ ɾ	155	
398	French	dry	20	sɛk	s ɛ k	504	
399	Czech	dry	20	sʊxiː	s ʊ x iː	782	
400	Icelandic	dry	20	θʏrː	θ ʏ rː	609	
401	Italian	dry	20	sekko	s e kː o	782	
402	Hindi	dry	20	suːkʰaː	s uː kʰ aː	300	
403	Portuguese	dry	20	seku	s e k u	782	
404	Romanian	dry	20	uskat	u s k a t	782	
405	Italian	dry	20	aʃʃutto	a ʃː u tː o	782	
406	Portuguese	dry	20	ẽʃutu	ẽ ʃ u t u	782	
407	Dutch	ear	21	oːr	oː r	427	
408	Swedish	ear	21	øːra	øː r a	730	
409	English	ear	21	ɪər	ɪə r	497	
410	German	ear	21	oːr	oː r	522	
411	Spanish	ear	21	oɾexa	o ɾ e x a	673	
412	Danish	ear	21	øːʌ	øːʌ	836	
413	Bulgarian	ear	21	uxɔ	u x ɔ	342	
414	Greek	ear	21	afti	a f t i	966	
415	Armenian	ear	21	ɑkɑnʤ	ɑ k ɑ n ʤ	573	
416	Romanian	ear	21	ureke	u r e k e	673	
417	Russian	ear	21	uxə	u x ə	187	
418	Polish	ear	21	uxɔ	u x ɔ	342	
419	Norwegian	ear	21	øːɾə	øː ɾ ə	803	
420	French	ear	21	ɔʁɛj	ɔ ʁ ɛ j	1014	
421	Czech	ear	21	ʊxo	ʊ x o	116	
422	Icelandic	ear	21	eiːra	eiː r a	1006	
423	Italian	ear	21	ɔrekkjo	ɔ r e kː j o	673	
424	Hindi	ear	21	kaːn	k aː n	557	
425	Portuguese	ear	21	oreʎɐ	o r e ʎ ɐ	673	
426	Dutch	earth	22	aːrdə	aː r d ə	674	
427	Swedish	earth	22	joːrd	j oː r d	359	
428	English	earth	22	ɜːrθ	ɜː r θ	210	
429	German	earth	22	eːrdə	eː r d ə	674	
430	Spanish	earth	22	tjera	t j e r a	888	
431	Danish	earth	22	joˀʁ	j oˀ ʁ	657	
432	Bulgarian	earth	22	zɛmʲə	z ɛ mʲ ə	888	
433	Greek	earth	22	ʝi	ʝ i	252	
434	Armenian	earth	22	hoʁ	h o ʁ	458	
435	Romanian	earth	22	pəmɨnt	p ə m ɨ n t	362	
436	Russian	earth	22	zʲɪmlʲa	zʲ ɪ m lʲ a	922	
437	Polish	earth	22	ʑɛmʲa	ʑ ɛ mʲ a	888	
438	Norwegian	earth	22	juːɾ	j uː ɾ	925	
439	French	earth	22	tɛʁ	t ɛ ʁ	80	
440	Czech	earth	22	zɛmʲɛ	z ɛ mʲ ɛ	888	
441	Icelandic	earth	22	jœrð	j œ r ð	359	
442	Italian	earth	22	tɛrra	t ɛ rː a	888	
443	Hindi	earth	22	dʱərtiː	dʱ ə r t iː	84	
444	Portuguese	earth	22	tɛʀɐ	t ɛ ʀ ɐ	888	
445	Dutch	eat (V)	23	eːtə	eː t ə	268	
446	Swedish	eat (V)	23	ɛːta	ɛː t a	680	
447	English	eat (V)	23	iːt	iː t	250	
448	German	eat (V)	23	ɛsən	ɛ s ə n	932	
449	Spanish	eat (V)	23	komeɾ	k o m e ɾ	340	
450	Danish	eat (V)	23	sbiːsə	s b iː s ə	881	
451	Bulgarian	eat (V)	23	jam	j a m	131	
452	Greek	eat (V)	23	troɣo	t r o ɣ o	25	
453	Armenian	eat (V)	23	utɛl	u t ɛ l	267	
454	Romanian	eat (V)	23	mɨnka	m ɨ n k a	920	
455	Russian	eat (V)	23	jesʲtʲ	j e sʲ tʲ	705	
456	Polish	eat (V)	23	jɛɕʨ	j ɛ ɕ ʨ	791	
457	Norwegian	eat (V)	23	spiːsə	s p iː s ə	881	
458	French	eat (V)	23	mɑ̃ʒe	m ɑ̃ ʒ e	443	
459	Czech	eat (V)	23	jiːst	j iː s t	791	
460	Icelandic	eat (V)	23	pɔrða	p ɔ r ð a	920	
461	Italian	eat (V)	23	manʤare	m a n ʤ a r e	920	
462	Hindi	eat (V)	23	kʰaːnaː	kʰ aː n aː	306	
463	Portuguese	eat (V)	23	kumer	k u m e r	340	
464	Dutch	egg	24	ɛɪ	ɛɪ	253	
465	Swedish	egg	24	egː	e gː	403	
466	English	egg	24	ɛɡ	ɛ ɡ	763	
467	German	egg	24	ai	ai	202	
468	Spanish	egg	24	weβo	w e β o	393	
469	Danish	egg	24	ɛˀg	ɛˀ g	132	
470	Bulgarian	egg	24	jəiʦɛ	j əi ʦ ɛ	831	
471	Greek	egg	24	avɣo	a v ɣ o	236	
472	Armenian	egg	24	ʣu	ʣ u	421	
473	Romanian	egg	24	ow	o w	532	
474	Russian	egg	24	jɪjʦo	j ɪ j ʦ o	831	
475	Polish	egg	24	jajkɔ	j a j k ɔ	831	
476	Norwegian	egg	24	eg	e g	323	
477	French	egg	24	œf	œ f	632	
478	Czech	egg	24	vɛjʦɛ	v ɛ j ʦ ɛ	831	
479	Icelandic	egg	24	ɛkː	ɛ kː	653	
480	Italian	egg	24	wɔvo	w ɔ v o	393	
481	Hindi	egg	24	ə̃ɳɖaː	ə̃ ɳ ɖ aː	75	
482	Portuguese	egg	24	ovu	o v u	348	
483	Dutch	eye	25	oːx	oː x	718	
484	Swedish	eye	25	øːga	øː g a	772	
485	English	eye	25	aɪ	aɪ	946	
486	German	eye	25	auɡə	au ɡ ə	517	
487	Spanish	eye	25	oxo	o x o	784	
488	Danish	eye	25	ʌjə	ʌ j ə	552	
489	Bulgarian	eye	25	okɔ	o k ɔ	124	
490	Greek	eye	25	mati	m a t i	815	
491	Armenian	eye	25	ɑʧʰkʰ	ɑ ʧʰ kʰ	64	
492	Romanian	eye	25	oki	o k i	691	
493	Russian	eye	25	ɡlas	ɡ l a s	540	
494	Polish	eye	25	ɔkɔ	ɔ k ɔ	858	
495	Norwegian	eye	25	œjə	œ j ə	280	
496	French	eye	25	œj	œ j	478	
497	Czech	eye	25	oko	o k o	239	
498	Icelandic	eye	25	øyːɣa	øyː ɣ a	263	
499	Italian	eye	25	ɔkkjo	ɔ kː j o	417	
500	Hindi	eye	25	ãːkʰ	ãː kʰ	913	
501	Portuguese	eye	25	oʎu	o ʎ u	298	
502	Dutch	fat	26	vɛt	v ɛ t	942	
503	Swedish	fat	26	fɛt	f ɛ t	727	
504	English	fat	26	fæt	f æ t	196	
505	German	fat	26	fɛt	f ɛ t	727	
506	Spanish	fat	26	ɡɾasa	ɡ ɾ a s a	812	
507	Danish	fat	26	fed	f e d	615	
508	Bulgarian	fat	26	məznina	m ə z n i n a	812	
509	Greek	fat	26	lipos	l i p o s	618	
510	Armenian	fat	26	ʧɑɾp	ʧ ɑ ɾ p	812	
511	Romanian	fat	26	grəsime	g r ə s i m e	812	
512	Russian	fat	26	ʒɨr	ʒ ɨ r	77	
513	Polish	fat	26	twuʃʧ	t w u ʃ ʧ	812	
514	Norwegian	fat	26	fet	f e t	849	
515	French	fat	26	ɡʁɛs	ɡ ʁ ɛ s	812	
516	Czech	fat	26	tʊk	t ʊ k	812	
517	Icelandic	fat	26	fɪːta	f ɪː t a	645	
518	Italian	fat	26	ɡrasso	ɡ r a sː o	812	
519	Hindi	fat	26	ʧərbiː	ʧ ə r b iː	812	
520	Portuguese	fat	26	gurdurɐ	g u r d u r ɐ	812	
521	Spanish	fat	26	ɡoɾðo	ɡ o ɾ ð o	812	
522	Czech	fat	26	saːdlo	s aː d l o	812	
523	Dutch	feather	27	veːr	v eː r	986	
524	Swedish	feather	27	fjɛːder	f j ɛː d e r	1011	
525	English	feather	27	fɛðər	f ɛ ð ə r	1011	
526	German	feather	27	feːdər	f eː d ə r	1011	
527	Spanish	feather	27	pluma	p l u m a	1011	
528	Danish	feather	27	fjeðˀʌ	f j e ðˀ ʌ	1011	
529	Bulgarian	feather	27	pɛrɔ	p ɛ r ɔ	1011	
530	Greek	feather	27	ftero	f t e r o	1011	
531	Armenian	feather	27	pʰɛtuɾ	pʰ ɛ t u ɾ	1011	
532	Romanian	feather	27	panə	p a n ə	626	
533	Russian	feather	27	pʲɪro	pʲ ɪ r o	1011	
534	Polish	feather	27	pʲurɔ	pʲ u r ɔ	1011	
535	Norwegian	feather	27	fjæːɾ	f j æː ɾ	1011	
536	French	feather	27	plym	p l y m	1011	
537	Czech	feather	27	pɛːro	p ɛː r o	1011	
538	Icelandic	feather	27	fjœːðʏr	f j œː ð ʏ r	1011	
539	Italian	feather	27	pjuma	p j u m a	1011	
540	Hindi	feather	27	pə̃ŋkʰ	p ə̃ ŋ kʰ	828	
541	Portuguese	feather	27	penɐ	p e n ɐ	626	
542	Italian	feather	27	pɛnna	p ɛ nː a	1011	
543	Dutch	fire	28	vyːr	v yː r	744	
544	Swedish	fire	28	elːd	e lː d	659	
545	English	fire	28	faɪər	f aɪə r	71	
546	German	fire	28	fɔyər	f ɔyə r	71	
547	Spanish	fire	28	fweɣo	f w e ɣ o	798	
548	Danish	fire	28	ilˀ	i lˀ	745	
549	Bulgarian	fire	28	ɔɡən	ɔ ɡ ə n	451	
550	Greek	fire	28	fotça	f o t ç a	474	
551	Armenian	fire	28	kəɾɑk	k ə ɾ ɑ k	998	
552	Romanian	fire	28	fok	f o k	537	
553	Russian	fire	28	ɐɡonʲ	ɐ ɡ o nʲ	130	
554	Polish	fire	28	ɔɡʲɛnʲ	ɔ ɡʲ ɛ nʲ	592	
555	Norwegian	fire	28	ʋɑɾmə	ʋ ɑ ɾ m ə	629	
556	French	fire	28	fø	f ø	339	
557	Czech	fire	28	oɦɛnʲ	o ɦ ɛ nʲ	592	
558	Icelandic	fire	28	ɛltʏr	ɛ l t ʏ r	887	
559	Italian	fire	28	fwɔko	f w ɔ k o	798	
560	Hindi	fire	28	aːg	aː g	371	
561	Portuguese	fire	28	fogu	f o g u	474	
562	Norwegian	fire	28	il	i l	629	
563	Dutch	fish	29	vɪs	v ɪ s	692	
564	Swedish	fish	29	fisːk	f i sː k	696	
565	English	fish	29	fɪʃ	f ɪ ʃ	247	
566	German	fish	29	fɪʃ	f ɪ ʃ	247	
567	Spanish	fish	29	peskaðo	p e s k a ð o	696	
568	Danish	fish	29	fesg	f e s g	696	
569	Bulgarian	fish	29	ribə	r i b ə	737	
570	Greek	fish	29	p͡sari	p͡s a r i	696	
571	Armenian	fish	29	ʣuk	ʣ u k	172	
572	Romanian	fish	29	peʃte	p e ʃ t e	696	
573	Russian	fish	29	rɨbə	r ɨ b ə	737	
574	Polish	fish	29	rɨba	r ɨ b a	737	
575	Norwegian	fish	29	fisk	f i s k	696	
576	French	fish	29	pwasõ	p w a s õ	696	
577	Czech	fish	29	rɪba	r ɪ b a	737	
578	Icelandic	fish	29	fɪskʏr	f ɪ s k ʏ r	696	
579	Italian	fish	29	peʃʃe	p e ʃː e	696	
580	Hindi	fish	29	məʧliː	m ə ʧ l iː	696	
581	Portuguese	fish	29	pɐjʃə	p ɐ j ʃ ə	696	
582	Dutch	fly (V)	30	vliːɣə	v l iː ɣ ə	900	
583	Swedish	fly (V)	30	flʉga	f l ʉ g a	900	
584	English	fly (V)	30	flaɪ	f l aɪ	900	
585	German	fly (V)	30	fliːɡən	f l iː ɡ ə n	900	
586	Spanish	fly (V)	30	bolaɾ	b o l a ɾ	900	
587	Danish	fly (V)	30	flyːvə	f l yː v ə	900	
588	Bulgarian	fly (V)	30	lɛtʲə	l ɛ tʲ ə	900	
589	Greek	fly (V)	30	peto	p e t o	709	
590	Armenian	fly (V)	30	tʰərʧʰɛl	tʰ ə r ʧʰ ɛ l	332	
591	Romanian	fly (V)	30	zbura	z b u r a	900	
592	Russian	fly (V)	30	lʲɪtʲetʲ	lʲ ɪ tʲ e tʲ	741	
593	Polish	fly (V)	30	lataʨ	l a t a ʨ	900	
594	Norwegian	fly (V)	30	flyː	f l yː	683	
595	French	fly (V)	30	vɔle	v ɔ l e	900	
596	Czech	fly (V)	30	lɛːtat	l ɛː t a t	900	
597	Icelandic	fly (V)	30	fljuːa	f l j uːa	900	
598	Italian	fly (V)	30	volare	v o l a r e	900	
599	Hindi	fly (V)	30	ʊɽnaː	ʊ ɽ n aː	787	
600	Portuguese	fly (V)	30	vwar	v w a r	900	
601	Dutch	foot	31	vuːt	v uː t	750	
602	Swedish	foot	31	foːt	f oː t	61	
603	English	foot	31	fʊt	f ʊ t	184	
604	German	foot	31	fuːs	f uː s	152	
605	Spanish	foot	31	pje	p j e	294	
606	Danish	foot	31	foˀð	f oˀ ð	722	
607	Bulgarian	foot	31	krak	k r a k	647	
608	Greek	foot	31	poði	p o ð i	740	
609	Armenian	foot	31	votkʰ	v o t kʰ	619	
610	Romanian	foot	31	piʧjor	p i ʧ j o r	929	
611	Russian	foot	31	nɐɡa	n ɐ ɡ a	715	
612	Polish	foot	31	nɔɡa	n ɔ ɡ a	715	
613	Norwegian	foot	31	fuːt	f uː t	10	
614	French	foot	31	pje	p j e	294	
615	Czech	foot	31	noɦa	n o ɦ a	715	
616	Icelandic	foot	31	fouːtʏr	f ouː t ʏ r	929	
617	Italian	foot	31	pjɛde	p j ɛ d e	686	
618	Hindi	foot	31	pɛːr	p ɛː r	305	
619	Portuguese	foot	31	pɛ	p ɛ	158	
620	Dutch	full	32	vɔl	v ɔ l	483	
621	Swedish	full	32	fulː	f u lː	225	
622	English	full	32	fʊl	f ʊ l	125	
623	German	full	32	fɔl	f ɔ l	330	
624	Spanish	full	32	ʎeno	ʎ e n o	697	
625	Danish	full	32	fulˀ	f u lˀ	204	
626	Bulgarian	full	32	pɤlɛn	p ɤ l ɛ n	697	
627	Greek	full	32	ʝematos	ʝ e m a t o s	697	
628	Armenian	full	32	likʰə	l i kʰ ə	563	
629	Romanian	full	32	plin	p l i n	697	
630	Russian	full	32	polnɨj	p o l n ɨ j	697	
631	Polish	full	32	pɛwnɨ	p ɛ w n ɨ	697	
632	Norwegian	full	32	fʉl	f ʉ l	700	
633	French	full	32	plɛ̃	p l ɛ̃	248	
634	Czech	full	32	pl̩niː	p l̩ n iː	697	
635	Icelandic	full	32	fʏt͡lʏr	f ʏ t͡l ʏ r	697	
636	Italian	full	32	pjɛno	p j ɛ n o	697	
637	Hindi	full	32	puːraː	p uː r aː	989	
638	Portuguese	full	32	ʃɐju	ʃ ɐ j u	1008	
639	Dutch	give (V)	33	xeːvə	x eː v ə	802	
640	Swedish	give (V)	33	jiːva	j iː v a	511	
641	English	give (V)	33	ɡɪv	ɡ ɪ v	5	
642	German	give (V)	33	ɡeːbən	ɡ eː b ə n	802	
643	Spanish	give (V)	33	daɾ	d a ɾ	781	
644	Danish	give (V)	33	giˀ	g iˀ	630	
645	Bulgarian	give (V)	33	davəm	d a v ə m	802	
646	Greek	give (V)	33	ðino	ð i n o	85	
647	Armenian	give (V)	33	tɑl	t ɑ l	271	
648	Romanian	give (V)	33	da	d a	297	
649	Russian	give (V)	33	datʲ	d a tʲ	755	
650	Polish	give (V)	33	davaʨ	d a v a ʨ	802	
651	Norwegian	give (V)	33	jiː	j iː	406	
652	French	give (V)	33	dɔne	d ɔ n e	802	
653	Czech	give (V)	33	daːt	d aː t	213	
654	Icelandic	give (V)	33	cɛːva	c ɛː v a	511	
655	Italian	give (V)	33	dare	d a r e	802	
656	Hindi	give (V)	33	deːnaː	d eː n aː	802	
657	Portuguese	give (V)	33	dar	d a r	802	
658	Dutch	good	34	xuːt	x uː t	792	
659	Swedish	good	34	guːd	g uː d	390	
660	English	good	34	ɡʊd	ɡ ʊ d	894	
661	German	good	34	ɡuːt	ɡ uː t	231	
662	Spanish	good	34	bweno	b w e n o	766	
663	Danish	good	34	goˀ	g oˀ	372	
664	Bulgarian	good	34	dobɤr	d o b ɤ r	890	
665	Greek	good	34	kalos	k a l o s	890	
666	Armenian	good	34	lɑv	l ɑ v	394	
667	Romanian	good	34	bun	b u n	813	
668	Russian	good	34	xɐroʃɨj	x ɐ r o ʃ ɨ j	890	
669	Polish	good	34	dɔbrɨ	d ɔ b r ɨ	890	
670	Norwegian	good	34	guː	g uː	212	
671	French	good	34	bɔ̃	b ɔ̃	395	
672	Czech	good	34	dobriː	d o b r iː	890	
673	Icelandic	good	34	kouːðʏr	k ouː ð ʏ r	890	
674	Italian	good	34	bwɔno	b w ɔ n o	766	
675	Hindi	good	34	əʧʧʰaː	ə ʧːʰ aː	507	
676	Portuguese	good	34	bõ	b õ	992	
677	Dutch	green	35	xruːn	x r uː n	821	
678	Swedish	green	35	grøːn	g r øː n	821	
679	English	green	35	ɡriːn	ɡ r iː n	821	
680	German	green	35	ɡryːn	ɡ r yː n	821	
681	Spanish	green	35	beɾðe	b e ɾ ð e	915	
682	Danish	green	35	gʁɶnˀ	g ʁ ɶ nˀ	719	
683	Bulgarian	green	35	zɛlɛn	z ɛ l ɛ n	1023	
684	Greek	green	35	prasinos	p r a s i n o s	1023	
685	Armenian	green	35	kɑnɑʧʰ	k ɑ n ɑ ʧʰ	1023	
686	Romanian	green	35	verde	v e r d e	915	
687	Russian	green	35	zʲɪlʲonɨj	zʲ ɪ lʲ o n ɨ j	1023	
688	Polish	green	35	ʑɛlɔnɨ	ʑ ɛ l ɔ n ɨ	1023	
689	Norwegian	green	35	gɾœn	g ɾ œ n	821	
690	French	green	35	vɛʁ	v ɛ ʁ	561	
691	Czech	green	35	zɛlɛniː	z ɛ l ɛ n iː	1023	
692	Icelandic	green	35	krait͡n	k r ai t͡n	1023	
693	Italian	green	35	verde	v e r d e	915	
694	Hindi	green	35	ɦəraː	ɦ ə r aː	997	
695	Portuguese	green	35	verdə	v e r d ə	915	
696	Dutch	hair	36	haːr	h aː r	1029	
697	Swedish	hair	36	hoːr	h oː r	455	
698	English	hair	36	hɛər	h ɛə r	724	
699	German	hair	36	haːr	h aː r	1029	
700	Spanish	hair	36	kaβeʎo	k a β e ʎ o	918	
701	Danish	hair	36	hɒˀ	h ɒˀ	6	
702	Bulgarian	hair	36	kɔsəm	k ɔ s ə m	918	
703	Greek	hair	36	trixa	t r i x a	601	
704	Armenian	hair	36	mɑz	m ɑ z	593	
705	Romanian	hair	36	pər	p ə r	728	
706	Russian	hair	36	voləsɨ	v o l ə s ɨ	918	
707	Polish	hair	36	vwɔsɨ	v w ɔ s ɨ	918	
708	Norwegian	hair	36	hoːɾ	h oː ɾ	565	
709	French	hair	36	ʃəvø	ʃ ə v ø	606	
710	Czech	hair	36	vlasɪ	v l a s ɪ	918	
711	Icelandic	hair	36	hauːr	h auː r	724	
712	Italian	hair	36	kapello	k a p e lː o	918	
713	Hindi	hair	36	baːl	b aː l	8	
714	Portuguese	hair	36	kɐbelu	k ɐ b e l u	918	
715	Dutch	hand	37	hɑnt	h ɑ n t	990	
716	Swedish	hand	37	hanːd	h a nː d	990	
717	English	hand	37	hænd	h æ n d	990	
718	German	hand	37	hant	h a n t	990	
719	Spanish	hand	37	mano	m a n o	1033	
720	Danish	hand	37	hʌnˀ	h ʌ nˀ	736	
721	Bulgarian	hand	37	rəka	r ə k a	838	
722	Greek	hand	37	çeri	ç e r i	218	
723	Armenian	hand	37	ʣɛrkʰ	ʣ ɛ r kʰ	804	
724	Romanian	hand	37	mɨnə	m ɨ n ə	1033	
725	Russian	hand	37	ruka	r u k a	838	
726	Polish	hand	37	rɛ̃ka	r ɛ̃ k a	838	
727	Norwegian	hand	37	hɔn	h ɔ n	73	
728	French	hand	37	mɛ̃	m ɛ̃	448	
729	Czech	hand	37	rʊka	r ʊ k a	838	
730	Icelandic	hand	37	hœnt	h œ n t	990	
731	Italian	hand	37	mano	m a n o	1033	
732	Hindi	hand	37	haːtʰ	h aː tʰ	943	
733	Portuguese	hand	37	mɐ̃w	m ɐ̃ w	408	
734	Dutch	head	38	hoːft	h oː f t	668	
735	Swedish	head	38	huːvud	h uː v u d	775	
736	English	head	38	hɛd	h ɛ d	725	
737	German	head	38	kɔp͡f	k ɔ p͡f	336	
738	Spanish	head	38	kaβeθa	k a β e θ a	775	
739	Danish	head	38	hoːəð	h oːə ð	775	
740	Bulgarian	head	38	ɡləva	ɡ l ə v a	775	
741	Greek	head	38	cefali	c e f a l i	775	
742	Armenian	head	38	gəluχ	g ə l u χ	775	
743	Romanian	head	38	kap	k a p	219	
744	Russian	head	38	ɡəlɐva	ɡ ə l ɐ v a	775	
745	Polish	head	38	ɡwɔva	ɡ w ɔ v a	775	
746	Norwegian	head	38	huːdə	h uː d ə	775	
747	French	head	38	tɛt	t ɛ t	341	
748	Czech	head	38	ɦlava	ɦ l a v a	775	
749	Icelandic	head	38	hœvʏð	h œ v ʏ ð	775	
750	Italian	head	38	tɛsta	t ɛ s t a	775	
751	Hindi	head	38	sər	s ə r	129	
752	Portuguese	head	38	kɐbesɐ	k ɐ b e s ɐ	775	
753	Dutch	hear (V)	39	hoːrə	h oː r ə	637	
754	Swedish	hear (V)	39	høːra	h øː r a	637	
755	English	hear (V)	39	hɪər	h ɪə r	637	
756	German	hear (V)	39	høːrən	h øː r ə n	637	
757	Spanish	hear (V)	39	o.ir	o i r	735	
758	Danish	hear (V)	39	høːʌ	h øːʌ	594	
759	Bulgarian	hear (V)	39	ʧuvəm	ʧ u v ə m	637	
760	Greek	hear (V)	39	akuo	a k uo	776	
761	Armenian	hear (V)	39	ləsɛl	l ə s ɛ l	637	
762	Romanian	hear (V)	39	awzi	a w z i	882	
763	Russian	hear (V)	39	sluʃatʲ	s l u ʃ a tʲ	637	
764	Polish	hear (V)	39	swɨʃɛʨ	s w ɨ ʃ ɛ ʨ	637	
765	Norwegian	hear (V)	39	høːɾə	h øː ɾ ə	637	
766	French	hear (V)	39	ɑ̃tɑ̃dʁ	ɑ̃ t ɑ̃ d ʁ	134	
767	Czech	hear (V)	39	slɪʃɛt	s l ɪ ʃ ɛ t	637	
768	Icelandic	hear (V)	39	heiːra	h eiː r a	637	
769	Italian	hear (V)	39	udire	u d i r e	735	
770	Hindi	hear (V)	39	sʊnnaː	s ʊ nː aː	589	
771	Portuguese	hear (V)	39	ovir	o v i r	735	
772	Dutch	heart	40	hɑrt	h ɑ r t	972	
773	Swedish	heart	40	jɛrta	j ɛ r t a	972	
774	English	heart	40	hɑːrt	h ɑː r t	972	
775	German	heart	40	hɛrt͡s	h ɛ r t͡s	972	
776	Spanish	heart	40	koraθon	k o r a θ o n	972	
777	Danish	heart	40	jæʁdə	j æ ʁ d ə	972	
778	Bulgarian	heart	40	sərʦɛ	s ə r ʦ ɛ	972	
779	Greek	heart	40	karðʝa	k a r ð ʝ a	972	
780	Armenian	heart	40	siɾt	s i ɾ t	232	
781	Romanian	heart	40	inimə	i n i m ə	311	
782	Russian	heart	40	sʲɛrʦə	sʲ ɛ r ʦ ə	972	
783	Polish	heart	40	sɛrʦɛ	s ɛ r ʦ ɛ	972	
784	Norwegian	heart	40	jæʈə	j æ ʈ ə	972	
785	French	heart	40	kœʁ	k œ ʁ	315	
786	Czech	heart	40	sr̩ʦɛ	s r̩ ʦ ɛ	972	
787	Icelandic	heart	40	çar̥ta	ç a r̥ t a	972	
788	Italian	heart	40	kwɔre	k w ɔ r e	972	
789	Hindi	heart	40	dɪl	d ɪ l	360	
790	Portuguese	heart	40	kurɐsõ	k u r ɐ s õ	972	
791	Dutch	horn	41	hoːrn	h oː r n	844	
792	Swedish	horn	41	hoːrn	h oː r n	844	
793	English	horn	41	hɔːrn	h ɔː r n	844	
794	German	horn	41	hɔrn	h ɔ r n	844	
795	Spanish	horn	41	kweɾno	k w e ɾ n o	844	
796	Danish	horn	41	hoʁˀn	h o ʁˀ n	844	
797	Bulgarian	horn	41	rok	r o k	675	
798	Greek	horn	41	cerato	c e r a t o	844	
799	Armenian	horn	41	poz	p o z	169	
800	Romanian	horn	41	korn	k o r n	844	
801	Russian	horn	41	rok	r o k	675	
802	Polish	horn	41	ruk	r u k	982	
803	Norwegian	horn	41	huːɳ	h uː ɳ	215	
804	French	horn	41	kɔʁn	k ɔ ʁ n	844	
805	Czech	horn	41	rox	r o x	374	
806	Icelandic	horn	41	hɔrt͡n	h ɔ r t͡n	844	
807	Italian	horn	41	kɔrno	k ɔ r n o	844	
808	Hindi	horn	41	sĩːg	s ĩː g	666	
809	Portuguese	horn	41	kornu	k o r n u	844	
810	Dutch	I	42	ɪk	ɪ k	178	
811	Swedish	I	42	jaːg	j aː g	318	
812	English	I	42	aɪ	aɪ	622	
813	German	I	42	ɪx	ɪ x	221	
814	Spanish	I	42	ʝo	ʝ o	22	
815	Danish	I	42	jɑj	j ɑ j	122	
816	Bulgarian	I	42	as	a s	524	
817	Greek	I	42	eɣo	e ɣ o	48	
818	Armenian	I	42	jɛs	j ɛ s	94	
819	Romanian	I	42	jo	j o	283	
820	Russian	I	42	ja	j a	208	
821	Polish	I	42	ja	j a	875	
822	Norwegian	I	42	jæj	j æ j	199	
823	French	I	42	ʒə	ʒ ə	1020	
824	Czech	I	42	jaː	j aː	32	
825	Icelandic	I	42	jɛɣ	j ɛ ɣ	419	
826	Italian	I	42	io	io	672	
827	Hindi	I	42	mɛ̃ː	m ɛ̃ː	141	
828	Portuguese	I	42	ew	e w	910	
829	Dutch	kill (V)	43	doːdə	d oː d ə	975	
830	Swedish	kill (V)	43	døːda	d øː d a	975	
831	English	kill (V)	43	kɪl	k ɪ l	1028	
832	German	kill (V)	43	tøːtən	t øː t ə n	975	
833	Spanish	kill (V)	43	mataɾ	m a t a ɾ	975	
834	Danish	kill (V)	43	dʁɛːbə	d ʁ ɛː b ə	975	
835	Bulgarian	kill (V)	43	ubivəm	u b i v ə m	975	
836	Greek	kill (V)	43	skotono	s k o t o n o	975	
837	Armenian	kill (V)	43	spɑnɛl	s p ɑ n ɛ l	975	
838	Romanian	kill (V)	43	uʧide	u ʧ i d e	975	
839	Russian	kill (V)	43	ubʲitʲ	u bʲ i tʲ	938	
840	Polish	kill (V)	43	zabijaʨ	z a b i j a ʨ	975	
841	Norwegian	kill (V)	43	dɾeːpə	d ɾ eː p ə	975	
842	French	kill (V)	43	tɥe	t ɥ e	214	
843	Czech	kill (V)	43	zabiːjɛt	z a b iː j ɛ t	975	
844	Icelandic	kill (V)	43	trɛːpa	t r ɛː p a	975	
845	Italian	kill (V)	43	uʧːidere	u ʧː i d e r e	975	
846	Hindi	kill (V)	43	maːrnaː	m aː r n aː	97	
847	Portuguese	kill (V)	43	mɐtar	m ɐ t a r	975	
848	Swedish	kill (V)	43	drɛpa	d r ɛ p a	975	
849	Dutch	knee	44	kniː	k n iː	515	
850	Swedish	knee	44	knɛː	k n ɛː	88	
851	English	knee	44	niː	n iː	227	
852	German	knee	44	kniː	k n iː	515	
853	Spanish	knee	44	roðiʎa	r o ð i ʎ a	951	
854	Danish	knee	44	knɛˀ	k n ɛˀ	454	
855	Bulgarian	knee	44	kolʲano	k o lʲ a n o	951	
856	Greek	knee	44	ɣonato	ɣ o n a t o	951	
857	Armenian	knee	44	ʦunk	ʦ u n k	951	
858	Romanian	knee	44	ʤenunkʲ	ʤ e n u n kʲ	951	
859	Russian	knee	44	kɐlʲenə	k ɐ lʲ e n ə	951	
860	Polish	knee	44	kɔlanɔ	k ɔ l a n ɔ	951	
861	Norwegian	knee	44	kneː	k n eː	189	
862	French	knee	44	ʒənu	ʒ ə n u	951	
863	Czech	knee	44	kolɛno	k o l ɛ n o	951	
864	Icelandic	knee	44	kʰniɛː	kʰ n iɛː	310	
865	Italian	knee	44	ʤinɔkkjo	ʤ i n ɔ kː j o	951	
866	Hindi	knee	44	gʱʊʈnaː	gʱ ʊ ʈ n aː	951	
867	Portuguese	knee	44	ʒuɐʎu	ʒ uɐ ʎ u	951	
868	Dutch	know (V)	45	ʋeːtə	ʋ eː t ə	948	
869	Swedish	know (V)	45	ɕɛnna	ɕ ɛ nː a	234	
870	English	know (V)	45	nəʊ	n əʊ	206	
871	German	know (V)	45	vɪsən	v ɪ s ə n	948	
872	Spanish	know (V)	45	konoθer	k o n o θ e r	948	
873	Danish	know (V)	45	viːðə	v iː ð ə	948	
874	Bulgarian	know (V)	45	znajə	z n a j ə	948	
875	Greek	know (V)	45	k͡sero	k͡s e r o	948	
876	Armenian	know (V)	45	gitɛnɑl	g i t ɛ n ɑ l	948	
877	Romanian	know (V)	45	ʃti	ʃ t i	948	
878	Russian	know (V)	45	znatʲ	z n a tʲ	948	
879	Polish	know (V)	45	znaʨ	z n a ʨ	948	
880	Norwegian	know (V)	45	ʋiːtə	ʋ iː t ə	948	
881	French	know (V)	45	savwaʁ	s a v w a ʁ	948	
882	Czech	know (V)	45	znaːt	z n aː t	948	
883	Icelandic	know (V)	45	vɪːta	v ɪː t a	234	
884	Italian	know (V)	45	konoʃʃere	k o n o ʃː e r e	948	
885	Hindi	know (V)	45	ʤaːnnaː	ʤ aː nː aː	847	
886	Portuguese	know (V)	45	kuɲəser	k u ɲ ə s e r	948	
887	Dutch	know (V)	45	kɛnə	k ɛ n ə	948	
888	Swedish	know (V)	45	veta	v e t a	234	
889	German	know (V)	45	kɛnən	k ɛ n ə n	948	
890	Spanish	know (V)	45	saβeɾ	s a β e ɾ	948	
891	Danish	know (V)	45	kɛnə	k ɛ n ə	948	
892	Greek	know (V)	45	ɣnorizo	ɣ n o r i z o	948	
893	Romanian	know (V)	45	kunwaʃte	k u n w a ʃ t e	948	
894	Polish	know (V)	45	vʲɛʥɛʨ	vʲ ɛ ʥ ɛ ʨ	948	
895	Norwegian	know (V)	45	çenə	ç e n ə	948	
896	French	know (V)	45	kɔnɛtʁ	k ɔ n ɛ t ʁ	948	
897	Czech	know (V)	45	vʲɛdʲɛt	vʲ ɛ dʲ ɛ t	948	
898	Italian	know (V)	45	sapere	s a p e r e	948	
899	Portuguese	know (V)	45	sɐber	s ɐ b e r	948	
900	Dutch	leaf	46	blɑt	b l ɑ t	834	
901	Swedish	leaf	46	blad	b l a d	834	
902	English	leaf	46	liːf	l iː f	699	
903	German	leaf	46	blat	b l a t	834	
904	Spanish	leaf	46	oxa	o x a	383	
905	Danish	leaf	46	blað	b l a ð	834	
906	Bulgarian	leaf	46	list	l i s t	612	
907	Greek	leaf	46	filo	f i l o	37	
908	Armenian	leaf	46	tɛɾɛv	t ɛ ɾ ɛ v	810	
909	Romanian	leaf	46	fwaje	f w a j e	354	
910	Russian	leaf	46	lʲist	lʲ i s t	612	
911	Polish	leaf	46	liɕʨ	l i ɕ ʨ	612	
912	Norwegian	leaf	46	blɑː	b l ɑː	636	
913	French	leaf	46	fœj	f œ j	243	
914	Czech	leaf	46	lɪst	l ɪ s t	612	
915	Icelandic	leaf	46	plaːð	p l aː ð	834	
916	Italian	leaf	46	fɔʎʎa	f ɔ ʎː a	490	
917	Hindi	leaf	46	pəttaː	p ə tː aː	264	
918	Portuguese	leaf	46	foʎɐ	f o ʎ ɐ	940	
919	Swedish	leaf	46	blad	b l a d	834	
920	Norwegian	leaf	46	løːʋ	l øː ʋ	636	
921	Icelandic	leaf	46	løyːv	l øyː v	834	
922	Dutch	lie (V)	47	lɪɣə	l ɪ ɣ ə	897	
923	Swedish	lie (V)	47	ligːa	l i gː a	897	
924	English	lie (V)	47	laɪ	l aɪ	707	
925	German	lie (V)	47	liːɡən	l iː ɡ ə n	897	
926	Spanish	lie (V)	47	kostaðo	k o s t a ð o	897	
927	Danish	lie (V)	47	legə	l e g ə	897	
928	Bulgarian	lie (V)	47	lɛʒə	l ɛ ʒ ə	897	
929	Armenian	lie (V)	47	pɑrkɛl	p ɑ r k ɛ l	897	
930	Romanian	lie (V)	47	kulka	k u l k a	897	
931	Russian	lie (V)	47	lʲɪʒatʲ	lʲ ɪ ʒ a tʲ	897	
932	Polish	lie (V)	47	lɛʒɛʨ	l ɛ ʒ ɛ ʨ	897	
933	Norwegian	lie (V)	47	ligə	l i g ə	897	
934	French	lie (V)	47	kuʃe	k u ʃ e	897	
935	Czech	lie (V)	47	lɛʒɛt	l ɛ ʒ ɛ t	897	
936	Icelandic	lie (V)	47	lɪcːa	l ɪ cː a	897	
937	Italian	lie (V)	47	ʤaʧere	ʤ a ʧ e r e	897	
938	Hindi	lie (V)	47	leʈnaː	l e ʈ n aː	897	
939	Portuguese	lie (V)	47	dɐjtar	d ɐ j t a r	897	
940	Dutch	liver	48	leːvər	l eː v ə r	654	
941	Swedish	liver	48	leːver	l eː v e r	654	
942	English	liver	48	lɪvər	l ɪ v ə r	654	
943	German	liver	48	leːbər	l eː b ə r	654	
944	Spanish	liver	48	iɣaðo	i ɣ a ð o	654	
945	Danish	liver	48	lewˀʌ	l e wˀ ʌ	654	
946	Bulgarian	liver	48	drop	d r o p	46	
947	Greek	liver	48	sikoti	s i k o t i	654	
948	Armenian	liver	48	lɪɑrtʰ	l ɪɑ r tʰ	654	
949	Romanian	liver	48	fikat	f i k a t	654	
950	Russian	liver	48	pʲeʧʲɪnʲ	pʲ e ʧʲ ɪ nʲ	654	
951	Polish	liver	48	vɔ̃trɔba	v ɔ̃ t r ɔ b a	654	
952	Norwegian	liver	48	leʋəɾ	l e ʋ ə ɾ	654	
953	French	liver	48	fwɑ	f w ɑ	438	
954	Czech	liver	48	jaːtra	j aː t r a	654	
955	Icelandic	liver	48	lɪːvʏr	l ɪː v ʏ r	654	
956	Italian	liver	48	feɡato	f e ɡ a t o	654	
957	Hindi	liver	48	kəleːʤaː	k ə l eː ʤ aː	654	
958	Portuguese	liver	48	figɐdu	f i g ɐ d u	654	
959	Dutch	long	49	lɑŋ	l ɑ ŋ	489	
960	Swedish	long	49	loŋː	l o ŋː	543	
961	English	long	49	lɔŋ	l ɔ ŋ	716	
962	German	long	49	laŋ	l a ŋ	955	
963	Spanish	long	49	laɾɣo	l a ɾ ɣ o	879	
964	Danish	long	49	lɑŋˀ	l ɑ ŋˀ	118	
965	Bulgarian	long	49	dɤlək	d ɤ l ə k	879	
966	Greek	long	49	makris	m a k r i s	879	
967	Armenian	long	49	jɛɾkɑɾ	j ɛ ɾ k ɑ ɾ	879	
968	Romanian	long	49	luŋ	l u ŋ	62	
969	Russian	long	49	dlʲinnɨj	d lʲ i nː ɨ j	879	
970	Polish	long	49	dwuɡi	d w u ɡ i	879	
971	Norwegian	long	49	lɑŋ	l ɑ ŋ	489	
972	French	long	49	lõ	l õ	161	
973	Czech	long	49	dlowɦiː	d l o w ɦ iː	879	
974	Icelandic	long	49	laŋkʏr	l a ŋ k ʏ r	879	
975	Italian	long	49	lunɡo	l u n ɡ o	879	
976	Hindi	long	49	ləmbaː	l ə m b aː	879	
977	Portuguese	long	49	lõgu	l õ g u	879	
978	Dutch	louse	50	lœys	l œy s	608	
979	Swedish	louse	50	luːs	l uː s	839	
980	English	louse	50	laʊs	l aʊ s	608	
981	German	louse	50	laus	l au s	608	
982	Spanish	louse	50	pjoxo	p j o x o	842	
983	Danish	louse	50	luˀs	l uˀ s	414	
984	Bulgarian	louse	50	vɤʃkə	v ɤ ʃ k ə	842	
985	Greek	louse	50	p͡sira	p͡s i r a	842	
986	Armenian	louse	50	voʧʰil	v o ʧʰ i l	842	
987	Romanian	louse	50	pəduke	p ə d u k e	842	
988	Russian	louse	50	voʃ	v o ʃ	754	
989	Polish	louse	50	vɛʃ	v ɛ ʃ	108	
990	Norwegian	louse	50	lʉːs	l ʉː s	621	
991	French	louse	50	pu	p u	794	
992	Czech	louse	50	vɛʃ	v ɛ ʃ	108	
993	Icelandic	louse	50	luːs	l uː s	839	
994	Italian	louse	50	pidɔkkjo	p i d ɔ kː j o	842	
995	Hindi	louse	50	ʤuː	ʤ uː	698	
996	Portuguese	louse	50	pi.oʎu	p i o ʎ u	842	
997	Dutch	man	51	mɑn	m ɑ n	712	
998	Swedish	man	51	manː	m a nː	328	
999	English	man	51	mæn	m æ n	312	
1000	German	man	51	man	m a n	364	
1001	Danish	man	51	manˀ	m a nˀ	856	
1002	Bulgarian	man	51	mɤʃ	m ɤ ʃ	644	
1003	Greek	man	51	anðras	a n ð r a s	501	
1004	Romanian	man	51	bərbat	b ə r b a t	860	
1005	Russian	man	51	muʃʃinə	m u ʃː i n ə	753	
1006	Polish	man	51	mɛ̃ʃʧɨzna	m ɛ̃ ʃ ʧ ɨ z n a	753	
1007	Norwegian	man	51	mɑn	m ɑ n	712	
1008	Czech	man	51	mʊʃ	m ʊ ʃ	423	
1009	Icelandic	man	51	maːðʏr	m aː ð ʏ r	753	
1010	Hindi	man	51	mərd	m ə r d	416	
1011	Portuguese	man	51	ɔmɐ̃	ɔ m ɐ̃	425	
1012	Romanian	man	51	om	o m	860	
1013	Dutch	many	52	veːl	v eː l	518	
1014	Swedish	many	52	mʏkɛt	m ʏ k ɛ t	1030	
1015	English	many	52	mɛnɪ	m ɛ n ɪ	1030	
1016	German	many	52	fiːl	f iː l	605	
1017	Spanish	many	52	muʧo	m u ʧ o	1030	
1018	Danish	many	52	mɑŋən	m ɑ ŋ ə n	1030	
1019	Bulgarian	many	52	mnɔgo	m n ɔ g o	1030	
1020	Greek	many	52	poliariθmos	p o l ia r i θ m o s	103	
1021	Armenian	many	52	ʃɑt	ʃ ɑ t	822	
1022	Romanian	many	52	mulʦʲ	m u l ʦʲ	1030	
1023	Russian	many	52	mnoɡə	m n o ɡ ə	1030	
1024	Polish	many	52	vʲɛlɛ	vʲ ɛ l ɛ	350	
1025	Norwegian	many	52	mɑŋə	m ɑ ŋ ə	1030	
1026	French	many	52	boku	b o k u	344	
1027	Czech	many	52	mnoɦo	m n o ɦ o	1030	
1028	Icelandic	many	52	mɪːcɪð	m ɪː c ɪ ð	1030	
1029	Italian	many	52	molto	m o l t o	1030	
1030	Hindi	many	52	bəhʊt	b ə h ʊ t	1030	
1031	Portuguese	many	52	mũj̃tu	m ũ j̃ t u	1030	
1032	Swedish	many	52	moŋːa	m o ŋː a	1030	
1033	English	many	52	mʌʧ	m ʌ ʧ	1030	
1034	Polish	many	52	duʒɔ	d u ʒ ɔ	350	
1035	Norwegian	many	52	meːgət	m eː g ə t	1030	
1036	Dutch	meat	53	vleːs	v l eː s	974	
1037	Swedish	meat	53	ɕøtː	ɕ ø tː	404	
1038	English	meat	53	miːt	m iː t	290	
1039	German	meat	53	flaiʃ	f l ai ʃ	988	
1040	Spanish	meat	53	kaɾne	k a ɾ n e	985	
1041	Danish	meat	53	køð	k ø ð	678	
1042	Bulgarian	meat	53	mɛsɔ	m ɛ s ɔ	985	
1043	Greek	meat	53	kreas	k r ea s	770	
1044	Armenian	meat	53	mis	m i s	610	
1045	Romanian	meat	53	karne	k a r n e	985	
1046	Russian	meat	53	mʲasə	mʲ a s ə	985	
1047	Polish	meat	53	mʲɛ̃sɔ	mʲ ɛ̃ s ɔ	985	
1048	Norwegian	meat	53	çœt	ç œ t	534	
1049	French	meat	53	ʃɛʁ	ʃ ɛ ʁ	367	
1050	Czech	meat	53	maso	m a s o	985	
1051	Icelandic	meat	53	kʰjœːt	kʰ j œː t	568	
1052	Italian	meat	53	karne	k a r n e	985	
1053	Hindi	meat	53	goːʃt	g oː ʃ t	207	
1054	Portuguese	meat	53	karnə	k a r n ə	985	
1055	French	meat	53	vjɑ̃d	v j ɑ̃ d	367	
1056	Dutch	moon	54	maːn	m aː n	870	
1057	Swedish	moon	54	moːne	m oː n e	936	
1058	English	moon	54	muːn	m uː n	963	
1059	German	moon	54	moːnt	m oː n t	936	
1060	Spanish	moon	54	luna	l u n a	936	
1061	Danish	moon	54	mɔːnə	m ɔː n ə	936	
1062	Bulgarian	moon	54	luna	l u n a	936	
1063	Greek	moon	54	selini	s e l i n i	936	
1064	Armenian	moon	54	lusin	l u s i n	936	
1065	Romanian	moon	54	lunə	l u n ə	936	
1066	Russian	moon	54	luna	l u n a	936	
1067	Polish	moon	54	kɕɛ̃ʒɨʦ	k ɕ ɛ̃ ʒ ɨ ʦ	936	
1068	Norwegian	moon	54	mɑːnə	m ɑː n ə	936	
1069	French	moon	54	lyn	l y n	78	
1070	Czech	moon	54	mʲɛsiːʦ	mʲ ɛ s iː ʦ	936	
1071	Icelandic	moon	54	tʰuŋl	tʰ u ŋ l	936	
1072	Italian	moon	54	luna	l u n a	936	
1073	Hindi	moon	54	ʧãd	ʧ ã d	850	
1074	Portuguese	moon	54	luɐ	l uɐ	1025	
1075	Icelandic	moon	54	mauːnɪ	m auː n ɪ	936	
1076	Dutch	mountain	55	bɛrx	b ɛ r x	773	
1077	Swedish	mountain	55	bɛrːj	b ɛ rː j	773	
1078	English	mountain	55	maʊntɪn	m aʊ n t ɪ n	987	
1079	German	mountain	55	bɛrk	b ɛ r k	773	
1080	Spanish	mountain	55	montaɲa	m o n t a ɲ a	987	
1081	Danish	mountain	55	bjæʁˀw	b j æ ʁˀ w	905	
1082	Bulgarian	mountain	55	plənina	p l ə n i n a	987	
1083	Greek	mountain	55	oros	o r o s	83	
1084	Armenian	mountain	55	sɑɾ	s ɑ ɾ	462	
1085	Romanian	mountain	55	munte	m u n t e	987	
1086	Russian	mountain	55	ɡɐra	ɡ ɐ r a	1019	
1087	Polish	mountain	55	ɡura	ɡ u r a	1019	
1088	Norwegian	mountain	55	fjel	f j e l	905	
1089	French	mountain	55	mɔ̃taɲ	m ɔ̃ t a ɲ	987	
1090	Czech	mountain	55	ɦora	ɦ o r a	1019	
1091	Icelandic	mountain	55	fjat͡l	f j a t͡l	905	
1092	Italian	mountain	55	montaɲɲa	m o n t a ɲː a	987	
1093	Hindi	mountain	55	pəɦaːɽ	p ə ɦ aː ɽ	987	
1094	Portuguese	mountain	55	mõtə	m õ t ə	987	
1095	Danish	mountain	55	fjɛlˀ	f j ɛ lˀ	905	
1096	Czech	mountain	55	vr̩x	v r̩ x	1019	
1097	Dutch	mouth	56	mɔnt	m ɔ n t	335	
1098	Swedish	mouth	56	munː	m u nː	69	
1099	English	mouth	56	maʊð	m aʊ ð	86	
1100	German	mouth	56	mʊnt	m ʊ n t	335	
1101	Spanish	mouth	56	boka	b o k a	643	
1102	Danish	mouth	56	mɔnˀ	m ɔ nˀ	960	
1103	Bulgarian	mouth	56	usta	u s t a	902	
1104	Greek	mouth	56	stoma	s t o m a	643	
1105	Armenian	mouth	56	bɛɾɑn	b ɛ ɾ ɑ n	170	
1106	Romanian	mouth	56	gurə	g u r ə	99	
1107	Russian	mouth	56	rot	r o t	195	
1108	Polish	mouth	56	usta	u s t a	902	
1109	Norwegian	mouth	56	mʉn	m ʉ n	640	
1110	French	mouth	56	buʃ	b u ʃ	502	
1111	Czech	mouth	56	uːsta	uː s t a	902	
1112	Icelandic	mouth	56	mʏnːʏr	m ʏ nː ʏ r	464	
1113	Italian	mouth	56	bokka	b o kː a	643	
1114	Hindi	mouth	56	mʊ̃ɦ	m ʊ̃ ɦ	277	
1115	Portuguese	mouth	56	bokɐ	b o k ɐ	643	
1116	Dutch	name	57	naːm	n aː m	808	
1117	Swedish	name	57	namːn	n a mː n	949	
1118	English	name	57	neɪm	n eɪ m	104	
1119	German	name	57	naːmə	n aː m ə	808	
1120	Spanish	name	57	nombɾe	n o m b ɾ e	808	
1121	Danish	name	57	nɑwˀn	n ɑ wˀ n	949	
1122	Bulgarian	name	57	imɛ	i m ɛ	203	
1123	Greek	name	57	onoma	o n o m a	808	
1124	Armenian	name	57	ɑnun	ɑ n u n	471	
1125	Romanian	name	57	nume	n u m e	808	
1126	Russian	name	57	imʲə	i mʲ ə	93	
1127	Polish	name	57	imʲɛ̃	i mʲ ɛ̃	595	
1128	Norwegian	name	57	nɑʋn	n ɑ ʋ n	949	
1129	French	name	57	nɔ̃	n ɔ̃	554	
1130	Czech	name	57	jmɛːno	j m ɛː n o	368	
1131	Icelandic	name	57	napn	n a p n	949	
1132	Italian	name	57	nome	n o m e	808	
1133	Hindi	name	57	naːm	n aː m	808	
1134	Portuguese	name	57	nomə	n o m ə	808	
1135	Dutch	neck	58	hɑls	h ɑ l s	907	
1136	Swedish	neck	58	halːs	h a lː s	907	
1137	English	neck	58	nɛk	n ɛ k	907	
1138	German	neck	58	hals	h a l s	907	
1139	Spanish	neck	58	kweʎo	k w e ʎ o	760	
1140	Danish	neck	58	halˀs	h a lˀ s	907	
1141	Bulgarian	neck	58	ʃijə	ʃ i j ə	1036	
1142	Armenian	neck	58	viz	v i z	387	
1143	Romanian	neck	58	gɨt	g ɨ t	16	
1144	Russian	neck	58	ʃejə	ʃ e j ə	1036	
1145	Polish	neck	58	ʃɨja	ʃ ɨ j a	1036	
1146	Norwegian	neck	58	hɑls	h ɑ l s	907	
1147	French	neck	58	ku	k u	859	
1148	Czech	neck	58	kr̩k	k r̩ k	420	
1149	Icelandic	neck	58	hauls	h au l s	907	
1150	Italian	neck	58	kɔllo	k ɔ lː o	760	
1151	Hindi	neck	58	gəlaː	g ə l aː	726	
1152	Portuguese	neck	58	kɔlu	k ɔ l u	760	
1153	Dutch	neck	58	nɛk	n ɛ k	907	
1154	Bulgarian	neck	58	vrat	v r a t	1036	
1155	Dutch	new	59	niːʋ	n iː ʋ	903	
1156	Swedish	new	59	nyː	n yː	588	
1157	English	new	59	njuː	n j uː	852	
1158	German	new	59	nɔy	n ɔy	164	
1159	Spanish	new	59	nweβo	n w e β o	971	
1160	Danish	new	59	nyˀ	n yˀ	121	
1161	Bulgarian	new	59	nɔf	n ɔ f	96	
1162	Greek	new	59	neos	n eo s	449	
1163	Armenian	new	59	noɾ	n o ɾ	388	
1164	Romanian	new	59	now	n o w	246	
1165	Russian	new	59	novɨj	n o v ɨ j	971	
1166	Polish	new	59	nɔvɨ	n ɔ v ɨ	971	
1167	Norwegian	new	59	nyː	n yː	597	
1168	French	new	59	nœf	n œ f	991	
1169	Czech	new	59	noviː	n o v iː	971	
1170	Icelandic	new	59	niːr	n iː r	584	
1171	Italian	new	59	nwɔvo	n w ɔ v o	971	
1172	Hindi	new	59	nəjaː	n ə j aː	694	
1173	Portuguese	new	59	novu	n o v u	971	
1174	Dutch	night	60	nɑxt	n ɑ x t	924	
1175	Swedish	night	60	natː	n a tː	1035	
1176	English	night	60	naɪt	n aɪ t	924	
1177	German	night	60	naxt	n a x t	924	
1178	Spanish	night	60	noʧe	n o ʧ e	924	
1179	Danish	night	60	nad	n a d	56	
1180	Bulgarian	night	60	nɔʃt	n ɔ ʃ t	924	
1181	Greek	night	60	nixta	n i x t a	924	
1182	Armenian	night	60	giʃɛɾ	g i ʃ ɛ ɾ	466	
1183	Romanian	night	60	nwapte	n w a p t e	924	
1184	Russian	night	60	noʧ	n o ʧ	924	
1185	Polish	night	60	nɔʦ	n ɔ ʦ	924	
1186	Norwegian	night	60	nɑt	n ɑ t	924	
1187	French	night	60	nɥi	n ɥ i	256	
1188	Czech	night	60	noʦ	n o ʦ	924	
1189	Icelandic	night	60	nouʰt	n ouʰ t	578	
1190	Italian	night	60	nɔtte	n ɔ tː e	924	
1191	Hindi	night	60	raːt	r aː t	409	
1192	Portuguese	night	60	nojtə	n o j t ə	924	
1193	Dutch	nose	61	nœːs	n œː s	405	
1194	Swedish	nose	61	nɛːsa	n ɛː s a	628	
1195	English	nose	61	nəʊz	n əʊ z	90	
1196	German	nose	61	naːzə	n aː z ə	628	
1197	Spanish	nose	61	naɾiθ	n a ɾ i θ	628	
1198	Danish	nose	61	nɛːsə	n ɛː s ə	628	
1199	Bulgarian	nose	61	nɔs	n ɔ s	1021	
1200	Greek	nose	61	miti	m i t i	39	
1201	Armenian	nose	61	kʰitʰ	kʰ i tʰ	819	
1202	Romanian	nose	61	nas	n a s	628	
1203	Russian	nose	61	nos	n o s	614	
1204	Polish	nose	61	nɔs	n ɔ s	1021	
1205	Norwegian	nose	61	neːsə	n eː s ə	628	
1206	French	nose	61	ne	n e	444	
1207	Czech	nose	61	nos	n o s	614	
1208	Icelandic	nose	61	nɛːv	n ɛː v	797	
1209	Italian	nose	61	naso	n a s o	628	
1210	Hindi	nose	61	naːk	n aː k	55	
1211	Portuguese	nose	61	nɐriʃ	n ɐ r i ʃ	628	
1212	Dutch	not	62	niːt	n iː t	514	
1213	Swedish	not	62	ikːe	i kː e	167	
1214	English	not	62	nɔt	n ɔ t	378	
1215	German	not	62	nɪxt	n ɪ x t	291	
1216	Spanish	not	62	no	n o	535	
1217	Danish	not	62	egə	e g ə	7	
1218	Bulgarian	not	62	nɛ	n ɛ	575	
1219	Armenian	not	62	voʧʰ	v o ʧʰ	111	
1220	Romanian	not	62	nu	n u	523	
1221	Russian	not	62	nʲɛ	nʲ ɛ	891	
1222	Polish	not	62	nʲɛ	nʲ ɛ	238	
1223	Norwegian	not	62	ikə	i k ə	179	
1224	French	not	62	nə	n ə	382	
1225	Czech	not	62	nɛ	n ɛ	539	
1226	Icelandic	not	62	ɛʰcɪ	ɛʰ c ɪ	18	
1227	Italian	not	62	non	n o n	126	
1228	Hindi	not	62	naɦĩ	n a ɦ ĩ	660	
1229	Portuguese	not	62	nɐ̃w	n ɐ̃ w	91	
1230	Dutch	one	63	eːn	eː n	498	
1231	Swedish	one	63	en	e n	531	
1232	English	one	63	ʋʌn	ʋ ʌ n	800	
1233	German	one	63	ain	ai n	379	
1234	Spanish	one	63	uno	u n o	761	
1235	Danish	one	63	eˀn	eˀ n	733	
1236	Bulgarian	one	63	ɛdnɔ	ɛ d n ɔ	869	
1237	Greek	one	63	ena	e n a	377	
1238	Armenian	one	63	mɛk	m ɛ k	825	
1239	Romanian	one	63	unu	u n u	107	
1240	Russian	one	63	ɐdʲin	ɐ dʲ i n	556	
1241	Polish	one	63	jɛdɛn	j ɛ d ɛ n	240	
1242	Norwegian	one	63	eːn	eː n	492	
1243	French	one	63	œ̃	œ̃	544	
1244	Czech	one	63	jɛdɛn	j ɛ d ɛ n	240	
1245	Icelandic	one	63	eit͡n	ei t͡n	912	
1246	Italian	one	63	uno	u n o	761	
1247	Hindi	one	63	eːk	eː k	193	
1248	Portuguese	one	63	ũ	ũ	296	
1249	Dutch	person	64	mɛns	m ɛ n s	857	
1250	Swedish	person	64	mɛniʃa	m ɛ n i ʃ a	857	
1251	English	person	64	mæn	m æ n	898	
1252	German	person	64	mɛnʃ	m ɛ n ʃ	857	
1253	Spanish	person	64	ombɾe	o m b ɾ e	185	
1254	Danish	person	64	mɛnəsgə	m ɛ n ə s g ə	857	
1255	Bulgarian	person	64	ʧovɛk	ʧ o v ɛ k	857	
1256	Greek	person	64	anθropos	a n θ r o p o s	857	
1257	Armenian	person	64	mɑɾtʰ	m ɑ ɾ tʰ	361	
1258	Romanian	person	64	om	o m	436	
1259	Russian	person	64	ʧʲɪlɐvʲɛk	ʧʲ ɪ l ɐ vʲ ɛ k	857	
1260	Polish	person	64	ʧwɔvʲɛk	ʧ w ɔ vʲ ɛ k	857	
1261	Norwegian	person	64	menəskə	m e n ə s k ə	857	
1262	French	person	64	ɔm	ɔ m	459	
1263	Czech	person	64	ʧlovʲɛk	ʧ l o vʲ ɛ k	857	
1264	Icelandic	person	64	maːðʏr	m aː ð ʏ r	857	
1265	Italian	person	64	wɔmo	w ɔ m o	386	
1266	Hindi	person	64	aːdmiː	aː d m iː	1003	
1267	Portuguese	person	64	ɔmɐ̃	ɔ m ɐ̃	520	
1268	Dutch	rain (V)	65	reːɣə	r eː ɣ ə	790	
1269	Swedish	rain (V)	65	reŋːn	r e ŋː n	790	
1270	English	rain (V)	65	reɪn	r eɪ n	790	
1271	German	rain (V)	65	reːɡən	r eː ɡ ə n	790	
1272	Spanish	rain (V)	65	ʎuβja	ʎ u β j a	613	
1273	Danish	rain (V)	65	ʁɑjˀn	ʁ ɑ jˀ n	117	
1274	Bulgarian	rain (V)	65	dɤʃt	d ɤ ʃ t	892	
1275	Greek	rain (V)	65	vroçi	v r o ç i	147	
1276	Armenian	rain (V)	65	ɑnʣɾɛv	ɑ n ʣ ɾ ɛ v	983	
1277	Romanian	rain (V)	65	plwaje	p l w a j e	59	
1278	Russian	rain (V)	65	doʃtʲ	d o ʃ tʲ	892	
1279	Polish	rain (V)	65	dɛʃʧ	d ɛ ʃ ʧ	892	
1280	Norwegian	rain (V)	65	ɾæjnə	ɾ æ j n ə	176	
1281	French	rain (V)	65	plɥi	p l ɥ i	442	
1282	Czech	rain (V)	65	dɛːʃtʲ	d ɛː ʃ tʲ	892	
1283	Icelandic	rain (V)	65	rɛkn	r ɛ k n	790	
1284	Italian	rain (V)	65	pjɔʤːa	p j ɔ ʤː a	613	
1285	Portuguese	rain (V)	65	ʃuvɐ	ʃ u v ɐ	984	
1286	Dutch	red	66	roːt	r oː t	530	
1287	Swedish	red	66	røːd	r øː d	827	
1288	English	red	66	rɛd	r ɛ d	43	
1289	German	red	66	roːt	r oː t	530	
1290	Spanish	red	66	roxo	r o x o	579	
1291	Danish	red	66	ʁœðˀ	ʁ œ ðˀ	445	
1292	Bulgarian	red	66	ʧɛrvɛn	ʧ ɛ r v ɛ n	1026	
1293	Greek	red	66	kocinos	k o c i n o s	1026	
1294	Armenian	red	66	kɑɾmiɾ	k ɑ ɾ m i ɾ	1026	
1295	Romanian	red	66	roʃu	r o ʃ u	579	
1296	Russian	red	66	krasnɨj	k r a s n ɨ j	1026	
1297	Polish	red	66	ʧɛrvɔnɨ	ʧ ɛ r v ɔ n ɨ	1026	
1298	French	red	66	ʁuj	ʁ u j	495	
1299	Czech	red	66	ʧɛrvɛniː	ʧ ɛ r v ɛ n iː	1026	
1300	Icelandic	red	66	røyːðʏr	r øyː ð ʏ r	1026	
1301	Italian	red	66	rosso	r o sː o	579	
1302	Hindi	red	66	laːl	l aː l	805	
1303	Portuguese	red	66	vərmeʎu	v ə r m e ʎ u	1026	
1304	Dutch	road	67	ʋɛx	ʋ ɛ x	840	
1305	Swedish	road	67	vɛːg	v ɛː g	365	
1306	English	road	67	rəʊd	r əʊ d	506	
1307	German	road	67	veːk	v eː k	98	
1308	Spanish	road	67	bia	b ia	148	
1309	Danish	road	67	vɑjˀ	v ɑ jˀ	685	
1310	Bulgarian	road	67	pɤt	p ɤ t	334	
1311	Greek	road	67	ðromos	ð r o m o s	764	
1312	Armenian	road	67	ʧɑmpʰɑ	ʧ ɑ m pʰ ɑ	764	
1313	Romanian	road	67	kale	k a l e	817	
1314	Russian	road	67	dɐroɡə	d ɐ r o ɡ ə	764	
1315	Polish	road	67	drɔɡa	d r ɔ ɡ a	764	
1316	French	road	67	ʃɛmɛ̃	ʃ ɛ m ɛ̃	447	
1317	Czech	road	67	ʦɛsta	ʦ ɛ s t a	764	
1318	Icelandic	road	67	vekʏr	v e k ʏ r	20	
1319	Italian	road	67	strada	s t r a d a	764	
1320	Hindi	road	67	səɽək	s ə ɽ ə k	160	
1321	Portuguese	road	67	əʃtradɐ	ə ʃ t r a d ɐ	764	
1322	English	road	67	ʋeɪ	ʋ eɪ	506	
1323	Italian	road	67	via	v ia	764	
1324	Portuguese	road	67	viɐ	v iɐ	764	
1325	Dutch	root	68	ʋɔrtəl	ʋ ɔ r t ə l	944	
1326	Swedish	root	68	roːt	r oː t	814	
1327	English	root	68	ruːt	r uː t	356	
1328	German	root	68	vʊrt͡səl	v ʊ r t͡s ə l	944	
1329	Spanish	root	68	ra.iθ	r a i θ	944	
1330	Danish	root	68	ʁoˀð	ʁ oˀ ð	279	
1331	Bulgarian	root	68	kɔrɛn	k ɔ r ɛ n	944	
1332	Greek	root	68	oðos	o ð o s	525	
1333	Armenian	root	68	ɑɾmɑt	ɑ ɾ m ɑ t	795	
1334	Romanian	root	68	rədəʧinə	r ə d ə ʧ i n ə	944	
1335	Russian	root	68	korʲɪnʲ	k o rʲ ɪ nʲ	944	
1336	Polish	root	68	kɔʒɛɲ	k ɔ ʒ ɛ ɲ	944	
1337	French	root	68	ʁasin	ʁ a s i n	944	
1338	Czech	root	68	korɛn	k o r ɛ n	944	
1339	Icelandic	root	68	rouːt	r ouː t	356	
1340	Italian	root	68	radiʧe	r a d i ʧ e	944	
1341	Hindi	root	68	ʤəɽ	ʤ ə ɽ	896	
1342	Portuguese	root	68	ʀɐ.iʃ	ʀ ɐ i ʃ	934	
1343	Greek	root	68	riza	r i z a	525	
1344	Dutch	round	69	rɔnt	r ɔ n t	865	
1345	Swedish	round	69	runːd	r u nː d	865	
1346	English	round	69	raʊnd	r aʊ n d	865	
1347	German	round	69	rʊnt	r ʊ n t	865	
1348	Spanish	round	69	reðondo	r e ð o n d o	865	
1349	Danish	round	69	ʁɔnˀ	ʁ ɔ nˀ	465	
1350	Bulgarian	round	69	krɤgəl	k r ɤ g ə l	865	
1351	Greek	round	69	stroɲɟilos	s t r o ɲ ɟ i l o s	865	
1352	Armenian	round	69	kəloɾ	k ə l o ɾ	865	
1353	Romanian	round	69	rotund	r o t u n d	865	
1354	Russian	round	69	kruɡlɨj	k r u ɡ l ɨ j	865	
1355	Polish	round	69	ɔkrɔ̃ɡwɨ	ɔ k r ɔ̃ ɡ w ɨ	865	
1356	French	round	69	ʁɔ̃	ʁ ɔ̃	981	
1357	Czech	round	69	okrowɦliː	o k r o w ɦ l iː	865	
1358	Icelandic	round	69	kʰriŋlouʰtʏr	kʰ r i ŋ l ouʰ t ʏ r	865	
1359	Italian	round	69	rotondo	r o t o n d o	865	
1360	Hindi	round	69	gol	g o l	749	
1361	Portuguese	round	69	ʀədõdu	ʀ ə d õ d u	865	
1362	Dutch	sand	70	zɑnt	z ɑ n t	996	
1363	Swedish	sand	70	sanːd	s a nː d	996	
1364	English	sand	70	sænd	s æ n d	996	
1365	German	sand	70	zant	z a n t	996	
1366	Spanish	sand	70	aɾena	a ɾ e n a	399	
1367	Danish	sand	70	sanˀ	s a nˀ	375	
1368	Bulgarian	sand	70	pʲasək	pʲ a s ə k	996	
1369	Greek	sand	70	amos	a m o s	146	
1370	Armenian	sand	70	ɑvɑz	ɑ v ɑ z	1013	
1371	Romanian	sand	70	nisip	n i s i p	996	
1372	Russian	sand	70	pʲɪsok	pʲ ɪ s o k	996	
1373	Polish	sand	70	pʲasɛk	pʲ a s ɛ k	996	
1374	French	sand	70	sabl	s a b l	996	
1375	Czech	sand	70	piːsɛk	p iː s ɛ k	996	
1376	Icelandic	sand	70	santʏr	s a n t ʏ r	996	
1377	Italian	sand	70	sabbja	s a bː j a	996	
1378	Hindi	sand	70	ret	r e t	829	
1379	Portuguese	sand	70	ɐrɐjɐ	ɐ r ɐ j ɐ	570	
1380	Hindi	sand	70	baːluː	b aː l uː	829	
1381	Dutch	say (V)	71	zɛɣə	z ɛ ɣ ə	701	
1382	Swedish	say (V)	71	sɛja	s ɛ j a	422	
1383	English	say (V)	71	seɪ	s eɪ	641	
1384	German	say (V)	71	zaːɡən	z aː ɡ ə n	701	
1385	Spanish	say (V)	71	deθiɾ	d e θ i ɾ	801	
1386	Danish	say (V)	71	siː	s iː	467	
1387	Bulgarian	say (V)	71	kaʒə	k a ʒ ə	472	
1388	Greek	say (V)	71	leɣo	l e ɣ o	957	
1389	Armenian	say (V)	71	ɑsɛl	ɑ s ɛ l	468	
1390	Romanian	say (V)	71	ziʧe	z i ʧ e	801	
1391	Russian	say (V)	71	skɐzatʲ	s k ɐ z a tʲ	801	
1392	Polish	say (V)	71	pɔvʲɛʥɛʨ	p ɔ vʲ ɛ ʥ ɛ ʨ	51	
1393	Norwegian	say (V)	71	siː	s iː	651	
1394	French	say (V)	71	diʁ	d i ʁ	620	
1395	Czech	say (V)	71	riːkat	r iː k a t	801	
1396	Icelandic	say (V)	71	seiːja	s eiː j a	422	
1397	Italian	say (V)	71	dire	d i r e	801	
1398	Hindi	say (V)	71	kəɦnaː	k ə ɦ n aː	778	
1399	Portuguese	say (V)	71	dizer	d i z e r	801	
1400	Hindi	say (V)	71	boːlnaː	b oː l n aː	778	
1401	Dutch	see (V)	72	ziːn	z iː n	407	
1402	Swedish	see (V)	72	seː	s eː	0	
1403	English	see (V)	72	siː	s iː	679	
1404	German	see (V)	72	zeːən	z eːə n	627	
1405	Spanish	see (V)	72	beɾ	b e ɾ	228	
1406	Danish	see (V)	72	seˀ	s eˀ	289	
1407	Bulgarian	see (V)	72	viʒdəm	v i ʒ d ə m	762	
1408	Greek	see (V)	72	vlepo	v l e p o	762	
1409	Armenian	see (V)	72	tɛsnɛl	t ɛ s n ɛ l	762	
1410	Romanian	see (V)	72	vedea	v e d ea	762	
1411	Russian	see (V)	72	vʲidʲɪtʲ	vʲ i dʲ ɪ tʲ	762	
1412	Polish	see (V)	72	viʥɛʨ	v i ʥ ɛ ʨ	762	
1413	Norwegian	see (V)	72	seː	s eː	550	
1414	French	see (V)	72	vwaʁ	v w a ʁ	625	
1415	Czech	see (V)	72	vɪdʲɛt	v ɪ dʲ ɛ t	762	
1416	Icelandic	see (V)	72	sjauː	s j auː	553	
1417	Italian	see (V)	72	vedere	v e d e r e	762	
1418	Hindi	see (V)	72	deːkʰnaː	d eː kʰ n aː	762	
1419	Portuguese	see (V)	72	ver	v e r	100	
1420	Dutch	seed	73	zaːt	z aː t	491	
1421	Swedish	seed	73	frøː	f r øː	255	
1422	English	seed	73	siːd	s iː d	415	
1423	German	seed	73	zaːmən	z aː m ə n	1027	
1424	Spanish	seed	73	semiʎa	s e m i ʎ a	1027	
1425	Danish	seed	73	fʁœˀ	f ʁ œˀ	633	
1426	Bulgarian	seed	73	sɛmɛ	s ɛ m ɛ	1027	
1427	Greek	seed	73	sporos	s p o r o s	1027	
1428	Armenian	seed	73	seɾm	s e ɾ m	1027	
1429	Romanian	seed	73	səmɨnʦə	s ə m ɨ n ʦ ə	1027	
1430	Russian	seed	73	sʲemʲə	sʲ e mʲ ə	30	
1431	Polish	seed	73	ɕɛmʲɛ̃	ɕ ɛ mʲ ɛ̃	369	
1432	Norwegian	seed	73	fɾøː	f ɾ øː	89	
1433	French	seed	73	semɑ̃s	s e m ɑ̃ s	1027	
1434	Czech	seed	73	sɛmɛno	s ɛ m ɛ n o	1027	
1435	Icelandic	seed	73	fraiː	f r aiː	639	
1436	Italian	seed	73	seme	s e m e	1027	
1437	Hindi	seed	73	biːʤ	b iː ʤ	1015	
1438	Portuguese	seed	73	səmẽtə	s ə m ẽ t ə	1027	
1439	French	seed	73	ɡʁɛn	ɡ ʁ ɛ n	1027	
1440	Dutch	sit (V)	74	zɪtə	z ɪ t ə	843	
1441	Swedish	sit (V)	74	sitːa	s i tː a	843	
1442	English	sit (V)	74	sɪt	s ɪ t	667	
1443	German	sit (V)	74	zɪt͡sən	z ɪ t͡s ə n	843	
1444	Spanish	sit (V)	74	sentaðo	s e n t a ð o	843	
1445	Danish	sit (V)	74	seðə	s e ð ə	843	
1446	Bulgarian	sit (V)	74	sɛdʲɤ	s ɛ dʲ ɤ	843	
1447	Greek	sit (V)	74	kaθome	k a θ o m e	843	
1448	Armenian	sit (V)	74	nəstɛl	n ə s t ɛ l	843	
1449	Romanian	sit (V)	74	ʃedea	ʃ e d ea	843	
1450	Russian	sit (V)	74	sʲɪdʲetʲ	sʲ ɪ dʲ e tʲ	843	
1451	Polish	sit (V)	74	ɕɛʥɛʨ	ɕ ɛ ʥ ɛ ʨ	843	
1452	Norwegian	sit (V)	74	sitə	s i t ə	843	
1453	French	sit (V)	74	ɛtʁasi	ɛ t ʁ a s i	843	
1454	Czech	sit (V)	74	sɛdʲɛt	s ɛ dʲ ɛ t	843	
1455	Icelandic	sit (V)	74	sɪːtja	s ɪː t j a	843	
1456	Italian	sit (V)	74	sedere	s e d e r e	843	
1457	Hindi	sit (V)	74	bɛːʈʰnaː	b ɛː ʈʰ n aː	410	
1458	Portuguese	sit (V)	74	sẽtar	s ẽ t a r	843	
1459	Dutch	skin	75	vɛl	v ɛ l	346	
1460	Swedish	skin	75	ɧinː	ɧ i nː	723	
1461	English	skin	75	skɪn	s k ɪ n	833	
1462	German	skin	75	haut	h au t	346	
1463	Spanish	skin	75	pjel	p j e l	833	
1464	Danish	skin	75	huðˀ	h u ðˀ	224	
1465	Bulgarian	skin	75	kɔʒə	k ɔ ʒ ə	833	
1466	Greek	skin	75	ðerma	ð e r m a	979	
1467	Armenian	skin	75	mɑʃk	m ɑ ʃ k	461	
1468	Romanian	skin	75	pjele	p j e l e	833	
1469	Russian	skin	75	koʒə	k o ʒ ə	833	
1470	Polish	skin	75	skura	s k u r a	833	
1471	Norwegian	skin	75	hʉːd	h ʉː d	688	
1472	French	skin	75	po	p o	519	
1473	Czech	skin	75	kuːʒɛ	k uː ʒ ɛ	833	
1474	Icelandic	skin	75	huːð	h uː ð	833	
1475	Italian	skin	75	pɛlle	p ɛ lː e	833	
1476	Hindi	skin	75	ʧəməɽiː	ʧ ə m ə ɽ iː	681	
1477	Portuguese	skin	75	pɛlə	p ɛ l ə	833	
1478	Dutch	skin	75	hœyt	h œy t	346	
1479	Swedish	skin	75	huːd	h uː d	723	
1480	Icelandic	skin	75	scɪnː	s c ɪ nː	833	
1481	Portuguese	skin	75	koru	k o r u	833	
1482	Dutch	sleep (V)	76	slaːpə	s l aː p ə	886	
1483	Swedish	sleep (V)	76	soːva	s oː v a	886	
1484	English	sleep (V)	76	sliːp	s l iː p	886	
1485	German	sleep (V)	76	ʃlaːfən	ʃ l aː f ə n	886	
1486	Spanish	sleep (V)	76	doɾmiɾ	d o ɾ m i ɾ	481	
1487	Danish	sleep (V)	76	sɒwə	s ɒ w ə	886	
1488	Bulgarian	sleep (V)	76	spa	s p a	886	
1489	Greek	sleep (V)	76	cimume	c i m u m e	481	
1490	Armenian	sleep (V)	76	kʰənɛl	kʰ ə n ɛ l	503	
1491	Romanian	sleep (V)	76	dormi	d o r m i	481	
1492	Russian	sleep (V)	76	spatʲ	s p a tʲ	886	
1493	Polish	sleep (V)	76	spaʨ	s p a ʨ	886	
1494	Norwegian	sleep (V)	76	soːʋə	s oː ʋ ə	886	
1495	French	sleep (V)	76	dɔʁmiʁ	d ɔ ʁ m i ʁ	481	
1496	Czech	sleep (V)	76	spaːt	s p aː t	886	
1497	Icelandic	sleep (V)	76	sɔːva	s ɔː v a	886	
1498	Italian	sleep (V)	76	dormire	d o r m i r e	481	
1499	Hindi	sleep (V)	76	sɔːnaː	s ɔː n aː	886	
1500	Portuguese	sleep (V)	76	durmir	d u r m i r	481	
1501	Dutch	small	77	klɛɪn	k l ɛɪ n	917	
1502	Swedish	small	77	liːten	l iː t e n	917	
1503	English	small	77	smɔːl	s m ɔː l	917	
1504	German	small	77	klain	k l ai n	917	
1505	Spanish	small	77	pekeɲo	p e k e ɲ o	917	
1506	Danish	small	77	lilə	l i l ə	917	
1507	Bulgarian	small	77	malək	m a l ə k	917	
1508	Greek	small	77	mikros	m i k r o s	917	
1509	Armenian	small	77	pʰokʰəɾ	pʰ o kʰ ə ɾ	917	
1510	Romanian	small	77	mik	m i k	391	
1511	Russian	small	77	malʲɪnʲkʲɪj	m a lʲ ɪ nʲ kʲ ɪ j	917	
1512	Polish	small	77	mawɨ	m a w ɨ	917	
1513	Norwegian	small	77	liːtən	l iː t ə n	917	
1514	French	small	77	pəti	p ə t i	533	
1515	Czech	small	77	maliː	m a l iː	917	
1516	Icelandic	small	77	liːtɪt͡l	l iː t ɪ t͡l	917	
1517	Italian	small	77	pikkolo	p i kː o l o	917	
1518	Hindi	small	77	ʧɔːʈaː	ʧ ɔː ʈ aː	144	
1519	Portuguese	small	77	pəkenu	p ə k e n u	917	
1520	Swedish	small	77	smoː	s m oː	917	
1521	English	small	77	lɪtḷ	l ɪ t ḷ	917	
1522	Danish	small	77	liːðən	l iː ð ə n	917	
1523	Icelandic	small	77	smauːr	s m auː r	917	
1524	Dutch	smoke	78	roːk	r oː k	308	
1525	Swedish	smoke	78	røk	r ø k	541	
1526	English	smoke	78	sməʊk	s m əʊ k	927	
1527	German	smoke	78	raux	r au x	494	
1528	Spanish	smoke	78	umo	u m o	880	
1529	Danish	smoke	78	ʁʌjˀ	ʁ ʌ jˀ	684	
1530	Bulgarian	smoke	78	dim	d i m	92	
1531	Greek	smoke	78	kapnos	k a p n o s	276	
1532	Romanian	smoke	78	fum	f u m	880	
1533	Russian	smoke	78	dɨm	d ɨ m	345	
1534	Polish	smoke	78	dɨm	d ɨ m	345	
1535	Norwegian	smoke	78	ɾœjk	ɾ œ j k	769	
1536	French	smoke	78	fyme	f y m e	880	
1537	Czech	smoke	78	diːm	d iː m	293	
1538	Icelandic	smoke	78	reiːkʏr	r eiː k ʏ r	746	
1539	Italian	smoke	78	fumo	f u m o	880	
1540	Hindi	smoke	78	dʱʊãː	dʱ ʊãː	230	
1541	Portuguese	smoke	78	fumu	f u m u	880	
1542	Dutch	stand (V)	79	staːn	s t aː n	866	
1543	Swedish	stand (V)	79	stoː	s t oː	695	
1544	English	stand (V)	79	stænd	s t æ n d	866	
1545	German	stand (V)	79	ʃteːən	ʃ t eːə n	866	
1546	Danish	stand (V)	79	sdɔˀ	s d ɔˀ	1031	
1547	Bulgarian	stand (V)	79	stɔjə	s t ɔ j ə	866	
1548	Greek	stand (V)	79	stekome	s t e k o m e	866	
1549	Armenian	stand (V)	79	kɑngnɛl	k ɑ n g n ɛ l	12	
1550	Romanian	stand (V)	79	sta	s t a	536	
1551	Russian	stand (V)	79	stɐjatʲ	s t ɐ j a tʲ	866	
1552	Polish	stand (V)	79	staʨ	s t a ʨ	866	
1553	Norwegian	stand (V)	79	stoː	s t oː	695	
1554	Czech	stand (V)	79	staːt	s t aː t	866	
1555	Icelandic	stand (V)	79	stanta	s t a n t a	866	
1556	Italian	stand (V)	79	stare	s t a r e	866	
1557	Hindi	stand (V)	79	kʰaɽaː	kʰ a ɽ aː	165	
1558	Dutch	star	80	stɛr	s t ɛ r	953	
1559	Swedish	star	80	ɧɛːrna	ɧ ɛː r n a	953	
1560	English	star	80	stɑːr	s t ɑː r	953	
1561	German	star	80	ʃtɛrn	ʃ t ɛ r n	953	
1562	Spanish	star	80	estɾeʎa	e s t ɾ e ʎ a	953	
1563	Danish	star	80	sdjæʁnə	s d j æ ʁ n ə	953	
1564	Bulgarian	star	80	zvɛzda	z v ɛ z d a	953	
1565	Greek	star	80	asteri	a s t e r i	953	
1566	Armenian	star	80	ɑstəʁ	ɑ s t ə ʁ	953	
1567	Romanian	star	80	stea	s t ea	953	
1568	Russian	star	80	zvʲɪzda	z vʲ ɪ z d a	953	
1569	Polish	star	80	ɡvʲazda	ɡ vʲ a z d a	953	
1570	Norwegian	star	80	stjæːɳə	s t j æː ɳ ə	953	
1571	French	star	80	etwal	e t w a l	953	
1572	Czech	star	80	ɦvʲɛzda	ɦ vʲ ɛ z d a	953	
1573	Icelandic	star	80	stjart͡na	s t j a r t͡n a	953	
1574	Italian	star	80	stella	s t e lː a	953	
1575	Hindi	star	80	taːraː	t aː r aː	171	
1576	Portuguese	star	80	əʃtrelɐ	ə ʃ t r e l ɐ	953	
1577	Dutch	stone	81	steːn	s t eː n	863	
1578	Swedish	stone	81	steːn	s t eː n	863	
1579	English	stone	81	stəʊn	s t əʊ n	863	
1580	German	stone	81	ʃtain	ʃ t ai n	863	
1581	Spanish	stone	81	pjeðɾa	p j e ð ɾ a	671	
1582	Danish	stone	81	sdeˀn	s d eˀ n	863	
1583	Bulgarian	stone	81	kamək	k a m ə k	747	
1584	Greek	stone	81	petra	p e t r a	671	
1585	Armenian	stone	81	kʰɑɾ	kʰ ɑ ɾ	832	
1586	Romanian	stone	81	pjatrə	p j a t r ə	671	
1587	Russian	stone	81	kamʲɪnʲ	k a mʲ ɪ nʲ	747	
1588	Polish	stone	81	kamʲɛɲ	k a mʲ ɛ ɲ	747	
1589	Norwegian	stone	81	stæjn	s t æ j n	863	
1590	French	stone	81	pjɛʁ	p j ɛ ʁ	181	
1591	Czech	stone	81	kaːmɛn	k aː m ɛ n	747	
1592	Icelandic	stone	81	steit͡n	s t ei t͡n	863	
1593	Italian	stone	81	sasso	s a sː o	183	
1594	Hindi	stone	81	pətʰːər	p ə tʰː ə r	747	
1595	Portuguese	stone	81	pɛdrɐ	p ɛ d r ɐ	671	
1596	Dutch	sun	82	zɔn	z ɔ n	453	
1597	Swedish	sun	82	soːl	s oː l	581	
1598	English	sun	82	sʌn	s ʌ n	338	
1599	German	sun	82	zɔnə	z ɔ n ə	453	
1600	Spanish	sun	82	sol	s o l	871	
1601	Danish	sun	82	soˀl	s oˀ l	31	
1602	Bulgarian	sun	82	slɤnʦɛ	s l ɤ n ʦ ɛ	871	
1603	Greek	sun	82	iʎos	i ʎ o s	140	
1604	Armenian	sun	82	ɑɾɛv	ɑ ɾ ɛ v	908	
1605	Romanian	sun	82	sware	s w a r e	871	
1606	Russian	sun	82	sonʦə	s o n ʦ ə	871	
1607	Polish	sun	82	swɔnʲʦɛ	s w ɔ nʲ ʦ ɛ	871	
1608	Norwegian	sun	82	suːl	s uː l	871	
1609	French	sun	82	sɔlɛj	s ɔ l ɛ j	871	
1610	Czech	sun	82	slʊnʦɛ	s l ʊ n ʦ ɛ	871	
1611	Icelandic	sun	82	souːl	s ouː l	871	
1612	Italian	sun	82	sole	s o l e	871	
1613	Hindi	sun	82	suːrəʤ	s uː r ə ʤ	871	
1614	Portuguese	sun	82	sɔl	s ɔ l	732	
1615	Dutch	swim (V)	83	zʋɛmə	z ʋ ɛ m ə	893	
1616	Swedish	swim (V)	83	simːa	s i mː a	893	
1617	English	swim (V)	83	sʋɪm	s ʋ ɪ m	893	
1618	German	swim (V)	83	ʃvɪmən	ʃ v ɪ m ə n	893	
1619	Spanish	swim (V)	83	naðaɾ	n a ð a ɾ	893	
1620	Danish	swim (V)	83	svœmə	s v œ m ə	893	
1621	Bulgarian	swim (V)	83	pluvəm	p l u v ə m	893	
1622	Greek	swim (V)	83	kolimbo	k o l i m b o	893	
1623	Armenian	swim (V)	83	loʁɑl	l o ʁ ɑ l	893	
1624	Romanian	swim (V)	83	ɨnota	ɨ n o t a	893	
1625	Russian	swim (V)	83	plɨtʲ	p l ɨ tʲ	969	
1626	Polish	swim (V)	83	pwɨvaʨ	p w ɨ v a ʨ	893	
1627	Norwegian	swim (V)	83	sʋœmə	s ʋ œ m ə	893	
1628	French	swim (V)	83	naʒe	n a ʒ e	893	
1629	Czech	swim (V)	83	plavat	p l a v a t	893	
1630	Icelandic	swim (V)	83	synta	s y n t a	893	
1631	Italian	swim (V)	83	nwotare	n w o t a r e	893	
1632	Hindi	swim (V)	83	tɛːrnaː	t ɛː r n aː	177	
1633	Portuguese	swim (V)	83	nɐdar	n ɐ d a r	893	
1634	Dutch	tail	84	staːrt	s t aː r t	999	
1635	Swedish	tail	84	ɧɛrt	ɧ ɛ r t	999	
1636	English	tail	84	teɪl	t eɪ l	945	
1637	German	tail	84	ʃvant͡s	ʃ v a n t͡s	999	
1638	Spanish	tail	84	kola	k o l a	566	
1639	Danish	tail	84	hæːlə	h æː l ə	999	
1640	Bulgarian	tail	84	opaʃkə	o p a ʃ k ə	566	
1641	Greek	tail	84	ura	u r a	166	
1642	Armenian	tail	84	poʧʰ	p o ʧʰ	780	
1643	Romanian	tail	84	kwadə	k w a d ə	566	
1644	Russian	tail	84	xvost	x v o s t	999	
1645	Polish	tail	84	ɔɡɔn	ɔ ɡ ɔ n	513	
1646	Norwegian	tail	84	hɑːlə	h ɑː l ə	999	
1647	French	tail	84	kø	k ø	241	
1648	Czech	tail	84	oʦas	o ʦ a s	54	
1649	Icelandic	tail	84	haːlɪ	h aː l ɪ	999	
1650	Italian	tail	84	koda	k o d a	566	
1651	Hindi	tail	84	puːʧʰ	p uː ʧʰ	780	
1652	Portuguese	tail	84	kawdɐ	k a w d ɐ	566	
1653	Spanish	tail	84	ravo	r a v o	566	
1654	Icelandic	tail	84	skɔʰt	s k ɔʰ t	999	
1655	Portuguese	tail	84	ʀabu	ʀ a b u	566	
1656	Dutch	that	85	diː	d iː	562	
1657	Swedish	that	85	də	d ə	324	
1658	English	that	85	ðæt	ð æ t	70	
1659	German	that	85	jeːnər	j eː n ə r	249	
1660	Spanish	that	85	akel	a k e l	545	
1661	Danish	that	85	de	d e	873	
1662	Bulgarian	that	85	ɔnzi	ɔ n z i	1016	
1663	Greek	that	85	ecino	e c i n o	1007	
1664	Armenian	that	85	ɑɪ̯n	ɑɪ̯ n	682	
1665	Romanian	that	85	aʧel	a ʧ e l	545	
1666	Russian	that	85	to	t o	580	
1667	Polish	that	85	tamtɔ	t a m t ɔ	878	
1668	Norwegian	that	85	deː	d eː	270	
1669	French	that	85	səla	s ə l a	968	
1670	Czech	that	85	tamto	t a m t o	878	
1671	Icelandic	that	85	θɛsːɪ	θ ɛ sː ɪ	638	
1672	Italian	that	85	kwello	k w e lː o	876	
1673	Hindi	that	85	və	v ə	646	
1674	Portuguese	that	85	ɐkelə	ɐ k e l ə	545	
1675	Danish	that	85	hiˀn	h iˀ n	873	
1676	Icelandic	that	85	sauː	s auː	638	
1677	Dutch	this	86	deːzə	d eː z ə	862	
1678	Swedish	this	86	dɛta	d ɛ t a	862	
1679	English	this	86	ðɪs	ð ɪ s	319	
1680	German	this	86	diːzər	d iː z ə r	862	
1681	Spanish	this	86	este	e s t e	742	
1682	Danish	this	86	dɛnə	d ɛ n ə	862	
1683	Bulgarian	this	86	tɔzi	t ɔ z i	119	
1684	Greek	this	86	afto	a f t o	389	
1685	Armenian	this	86	ɑɪs	ɑɪ s	333	
1686	Romanian	this	86	aʧest	a ʧ e s t	742	
1687	Russian	this	86	ɛtə	ɛ t ə	9	
1688	Polish	this	86	tɔ	t ɔ	157	
1689	Norwegian	this	86	detə	d e t ə	862	
1690	French	this	86	səsi	s ə s i	373	
1691	Czech	this	86	toto	t o t o	145	
1692	Icelandic	this	86	θɛsːɪ	θ ɛ sː ɪ	188	
1693	Italian	this	86	kwesto	k w e s t o	742	
1694	Hindi	this	86	jə	j ə	476	
1695	Portuguese	this	86	əʃtə	ə ʃ t ə	470	
1696	Danish	this	86	dɛnə	d ɛ n ə	862	
1697	Dutch	thou	87	jɛɪ	j ɛɪ	499	
1698	Swedish	thou	87	dʉ	d ʉ	799	
1699	English	thou	87	juː	j uː	72	
1700	German	thou	87	duː	d uː	527	
1701	Spanish	thou	87	tu	t u	583	
1702	Danish	thou	87	duˀ	d uˀ	398	
1703	Bulgarian	thou	87	ti	t i	1032	
1704	Greek	thou	87	esi	e s i	1009	
1705	Armenian	thou	87	du	d u	582	
1706	Romanian	thou	87	tu	t u	604	
1707	Russian	thou	87	tɨ	t ɨ	434	
1708	Polish	thou	87	tɨ	t ɨ	65	
1709	Norwegian	thou	87	dʉː	d ʉː	112	
1710	French	thou	87	ty	t y	287	
1711	Czech	thou	87	tɪ	t ɪ	4	
1712	Icelandic	thou	87	θuː	θ uː	173	
1713	Italian	thou	87	tu	t u	109	
1714	Hindi	thou	87	tuː	t uː	786	
1715	Portuguese	thou	87	tu	t u	322	
1716	Dutch	tongue	88	tɔŋ	t ɔ ŋ	931	
1717	Swedish	tongue	88	tuŋːa	t u ŋː a	931	
1718	English	tongue	88	tʌŋ	t ʌ ŋ	29	
1719	German	tongue	88	t͡sʊŋə	t͡s ʊ ŋ ə	931	
1720	Spanish	tongue	88	leŋɡwa	l e ŋ ɡ w a	931	
1721	Danish	tongue	88	tɔŋə	t ɔ ŋ ə	931	
1722	Bulgarian	tongue	88	ɛzik	ɛ z i k	655	
1723	Greek	tongue	88	ɣlosa	ɣ l o s a	743	
1724	Armenian	tongue	88	lɛzu	l ɛ z u	914	
1725	Romanian	tongue	88	limbə	l i m b ə	931	
1726	Russian	tongue	88	jɪzɨk	j ɪ z ɨ k	655	
1727	Polish	tongue	88	jɛ̃zɨk	j ɛ̃ z ɨ k	655	
1728	Norwegian	tongue	88	tuŋə	t u ŋ ə	931	
1729	French	tongue	88	lɑ̃ɡ	l ɑ̃ ɡ	569	
1730	Czech	tongue	88	jazɪk	j a z ɪ k	655	
1731	Icelandic	tongue	88	tʰuŋka	tʰ u ŋ k a	931	
1732	Italian	tongue	88	liŋɡwa	l i ŋ ɡ w a	931	
1733	Hindi	tongue	88	ʤiːbʱ	ʤ iː bʱ	79	
1734	Portuguese	tongue	88	lĩgwɐ	l ĩ g w ɐ	931	
1735	Dutch	tooth	89	tɑnt	t ɑ n t	970	
1736	Swedish	tooth	89	tanːd	t a nː d	460	
1737	English	tooth	89	tuːθ	t uː θ	482	
1738	German	tooth	89	t͡saːn	t͡s aː n	114	
1739	Spanish	tooth	89	djente	d j e n t e	970	
1740	Danish	tooth	89	tanˀ	t a nˀ	441	
1741	Bulgarian	tooth	89	zɤp	z ɤ p	76	
1742	Greek	tooth	89	ðondi	ð o n d i	970	
1743	Armenian	tooth	89	ɑtɑm	ɑ t ɑ m	663	
1744	Romanian	tooth	89	dinte	d i n t e	970	
1745	Russian	tooth	89	zup	z u p	952	
1746	Polish	tooth	89	zɔ̃p	z ɔ̃ p	128	
1747	Norwegian	tooth	89	tɑn	t ɑ n	970	
1748	French	tooth	89	dɑ̃	d ɑ̃	616	
1749	Czech	tooth	89	zʊp	z ʊ p	115	
1750	Icelandic	tooth	89	tʰœnː	tʰ œ nː	433	
1751	Italian	tooth	89	dɛnte	d ɛ n t e	970	
1752	Hindi	tooth	89	dãt	d ã t	381	
1753	Portuguese	tooth	89	dẽtə	d ẽ t ə	970	
1754	Dutch	tree	90	boːm	b oː m	516	
1755	Swedish	tree	90	trɛːd	t r ɛː d	254	
1756	English	tree	90	triː	t r iː	301	
1757	German	tree	90	baum	b au m	418	
1758	Spanish	tree	90	arvol	a r v o l	734	
1759	Danish	tree	90	tʁɛˀ	t ʁ ɛˀ	710	
1760	Bulgarian	tree	90	dərvɔ	d ə r v ɔ	734	
1761	Greek	tree	90	ðenðro	ð e n ð r o	734	
1762	Armenian	tree	90	ʦɑr	ʦ ɑ r	353	
1763	Romanian	tree	90	arbore	a r b o r e	734	
1764	Russian	tree	90	dʲerʲɪvə	dʲ e rʲ ɪ v ə	734	
1765	Polish	tree	90	dʒɛvɔ	d ʒ ɛ v ɔ	734	
1766	Norwegian	tree	90	tɾeː	t ɾ eː	599	
1767	French	tree	90	aʁbʁ	a ʁ b ʁ	758	
1768	Czech	tree	90	strom	s t r o m	254	
1769	Icelandic	tree	90	tʰrjɛː	tʰ r j ɛː	926	
1770	Italian	tree	90	albero	a l b e r o	734	
1771	Hindi	tree	90	peɽ	p e ɽ	600	
1772	Portuguese	tree	90	arvurə	a r v u r ə	734	
1773	Icelandic	tree	90	vɪːðʏr	v ɪː ð ʏ r	926	
1774	Dutch	two	91	tʋeː	t ʋ eː	14	
1775	Swedish	two	91	tvoː	t v oː	314	
1776	English	two	91	tuː	t uː	521	
1777	German	two	91	t͡svai	t͡s v ai	559	
1778	Spanish	two	91	dos	d o s	36	
1779	Danish	two	91	toˀ	t oˀ	576	
1780	Bulgarian	two	91	dva	d v a	337	
1781	Greek	two	91	ðʝo	ð ʝ o	602	
1782	Armenian	two	91	jɛɾku	j ɛ ɾ k u	463	
1783	Romanian	two	91	doj	d o j	830	
1784	Russian	two	91	dva	d v a	337	
1785	Polish	two	91	dva	d v a	337	
1786	Norwegian	two	91	tuː	t uː	223	
1787	French	two	91	dø	d ø	194	
1788	Czech	two	91	dva	d v a	337	
1789	Icelandic	two	91	tʰveir	tʰ v ei r	559	
1790	Italian	two	91	due	d ue	154	
1791	Hindi	two	91	doː	d oː	265	
1792	Portuguese	two	91	doiʃ	d oi ʃ	756	
1793	Dutch	walk (V)	92	xaːn	x aː n	596	
1794	Swedish	walk (V)	92	goː	g oː	456	
1795	English	walk (V)	92	ɡəʊ	ɡ əʊ	273	
1796	German	walk (V)	92	ɡeːən	ɡ eːə n	163	
1797	Spanish	walk (V)	92	andar	a n d a r	874	
1798	Danish	walk (V)	92	gɔˀ	g ɔˀ	133	
1799	Bulgarian	walk (V)	92	vɛrvʲə	v ɛ r vʲ ə	440	
1800	Greek	walk (V)	92	piʝeno	p i ʝ e n o	149	
1801	Romanian	walk (V)	92	umbla	u m b l a	53	
1802	Russian	walk (V)	92	ɪtʲi	ɪ tʲ i	260	
1803	Polish	walk (V)	92	iɕʨ	i ɕ ʨ	156	
1804	Norwegian	walk (V)	92	goː	g oː	469	
1805	French	walk (V)	92	vɛ	v ɛ	1022	
1806	Czech	walk (V)	92	jiːt	j iː t	487	
1807	Icelandic	walk (V)	92	faːra	f aː r a	916	
1808	Italian	walk (V)	92	vo	v o	874	
1809	Hindi	walk (V)	92	ʧəlnaː	ʧ ə l n aː	49	
1810	Portuguese	walk (V)	92	ɐ̃dar	ɐ̃ d a r	874	
1811	Spanish	walk (V)	92	boi	b oi	874	
1812	French	walk (V)	92	ale	a l e	1022	
1813	Italian	walk (V)	92	andare	a n d a r e	874	
1814	Dutch	warm	93	ʋɑrm	ʋ ɑ r m	965	
1815	Swedish	warm	93	varːm	v a rː m	965	
1816	English	warm	93	ʋɔːrm	ʋ ɔː r m	965	
1817	German	warm	93	varm	v a r m	965	
1818	Spanish	warm	93	kaliðo	k a l i ð o	1000	
1819	Danish	warm	93	vɑˀm	v ɑˀ m	885	
1820	Bulgarian	warm	93	tɔpəl	t ɔ p ə l	1000	
1821	Greek	warm	93	xliaros	x l ia r o s	1000	
1822	Armenian	warm	93	tɑkʰ	t ɑ kʰ	309	
1823	Romanian	warm	93	kald	k a l d	1000	
1824	Russian	warm	93	tʲoplɨj	tʲ o p l ɨ j	1000	
1825	Polish	warm	93	ʨɛpwɨ	ʨ ɛ p w ɨ	1000	
1826	Norwegian	warm	93	ʋɑɾm	ʋ ɑ ɾ m	965	
1827	French	warm	93	ʃo	ʃ o	2	
1828	Czech	warm	93	tɛpliː	t ɛ p l iː	1000	
1829	Icelandic	warm	93	l̥iːr	l̥ iː r	307	
1830	Italian	warm	93	tiepido	t ie p i d o	1000	
1831	Hindi	warm	93	gərm	g ə r m	965	
1832	Portuguese	warm	93	kẽtə	k ẽ t ə	217	
1833	Dutch	water	94	ʋaːtər	ʋ aː t ə r	851	
1834	Swedish	water	94	vatːen	v a tː e n	851	
1835	English	water	94	ʋɔːtər	ʋ ɔː t ə r	851	
1836	German	water	94	vasər	v a s ə r	851	
1837	Spanish	water	94	aɣwa	a ɣ w a	835	
1838	Danish	water	94	vanˀ	v a nˀ	432	
1839	Bulgarian	water	94	voda	v o d a	677	
1840	Greek	water	94	nero	n e r o	302	
1841	Armenian	water	94	ʤuɾ	ʤ u ɾ	136	
1842	Romanian	water	94	apə	a p ə	714	
1843	Russian	water	94	vɐda	v ɐ d a	677	
1844	Polish	water	94	vɔda	v ɔ d a	677	
1845	Norwegian	water	94	ʋɑn	ʋ ɑ n	884	
1846	French	water	94	o	o	783	
1847	Czech	water	94	voda	v o d a	677	
1848	Icelandic	water	94	vaʰtn̥	v aʰ t n̥	906	
1849	Italian	water	94	akkwa	a kː w a	835	
1850	Hindi	water	94	paːniː	p aː n iː	652	
1851	Portuguese	water	94	agwɐ	a g w ɐ	835	
1852	Dutch	we	95	ʋɛɪ	ʋ ɛɪ	526	
1853	Swedish	we	95	viː	v iː	430	
1854	English	we	95	ʋiː	ʋ iː	748	
1855	German	we	95	viːr	v iː r	192	
1856	Spanish	we	95	nosotɾos	n o s o t ɾ o s	220	
1857	Danish	we	95	viˀ	v iˀ	284	
1858	Bulgarian	we	95	niɛ	n iɛ	58	
1859	Greek	we	95	emis	e m i s	947	
1860	Armenian	we	95	mɛnkʰ	m ɛ n kʰ	475	
1861	Romanian	we	95	noj	n o j	941	
1862	Russian	we	95	mɨ	m ɨ	564	
1863	Polish	we	95	mɨ	m ɨ	233	
1864	Norwegian	we	95	ʋiː	ʋ iː	950	
1865	French	we	95	nu	n u	793	
1866	Czech	we	95	mɪ	m ɪ	542	
1867	Icelandic	we	95	vɪːð	v ɪː ð	137	
1868	Italian	we	95	noi	n oi	123	
1869	Hindi	we	95	ɦəm	ɦ ə m	21	
1870	Portuguese	we	95	nɔʃ	n ɔ ʃ	370	
1871	Dutch	what	96	ʋɑt	ʋ ɑ t	567	
1872	Swedish	what	96	vɑd	v ɑ d	765	
1873	English	what	96	ʋɔt	ʋ ɔ t	928	
1874	German	what	96	vas	v a s	180	
1875	Spanish	what	96	ke	k e	623	
1876	Danish	what	96	va	v a	358	
1877	Bulgarian	what	96	kakvɔ	k a k v ɔ	402	
1878	Greek	what	96	ti	t i	235	
1879	Romanian	what	96	ʧe	ʧ e	473	
1880	Russian	what	96	ʃto	ʃ t o	120	
1881	Polish	what	96	ʦɔ	ʦ ɔ	244	
1882	Norwegian	what	96	ʋɑː	ʋ ɑː	191	
1883	French	what	96	kwa	k w a	774	
1884	Czech	what	96	ʦo	ʦ o	174	
1885	Icelandic	what	96	xʷaːð	xʷ aː ð	355	
1886	Italian	what	96	ke	k e	648	
1887	Hindi	what	96	kjaː	k j aː	571	
1888	Portuguese	what	96	kə	k ə	26	
1889	Dutch	white	97	ʋɪt	ʋ ɪ t	351	
1890	Swedish	white	97	viːt	v iː t	479	
1891	English	white	97	ʋaɪt	ʋ aɪ t	351	
1892	German	white	97	vais	v ai s	209	
1893	Spanish	white	97	blaŋko	b l a ŋ k o	956	
1894	Danish	white	97	viðˀ	v i ðˀ	278	
1895	Bulgarian	white	97	bal	b a l	586	
1896	Greek	white	97	lefkos	l e f k o s	956	
1897	Armenian	white	97	spitɑk	s p i t ɑ k	143	
1898	Romanian	white	97	alb	a l b	198	
1899	Russian	white	97	bʲelɨj	bʲ e l ɨ j	956	
1900	Polish	white	97	bʲawɨ	bʲ a w ɨ	956	
1901	Norwegian	white	97	ʋiːt	ʋ iː t	658	
1902	French	white	97	blɑ̃	b l ɑ̃	28	
1903	Czech	white	97	biːliː	b iː l iː	864	
1904	Icelandic	white	97	xʷiːtʏr	xʷ iː t ʏ r	143	
1905	Italian	white	97	bjanko	b j a n k o	956	
1906	Portuguese	white	97	alvu	a l v u	899	
1907	Dutch	who	98	ʋiː	ʋ iː	269	
1908	Swedish	who	98	vem	v e m	807	
1909	English	who	98	huː	h uː	706	
1910	German	who	98	veːr	v eː r	102	
1911	Spanish	who	98	kjen	k j e n	496	
1912	Danish	who	98	vɛmˀ	v ɛ mˀ	598	
1913	Bulgarian	who	98	koj	k o j	826	
1914	Greek	who	98	opios	o p io s	325	
1915	Romanian	who	98	ʧine	ʧ i n e	127	
1916	Russian	who	98	kto	k t o	901	
1917	Polish	who	98	ktɔ	k t ɔ	585	
1918	Norwegian	who	98	ʋem	ʋ e m	558	
1919	French	who	98	ki	k i	538	
1920	Czech	who	98	ɡdo	ɡ d o	205	
1921	Icelandic	who	98	xʷɛːr	xʷ ɛː r	587	
1922	Italian	who	98	ki	k i	921	
1923	Hindi	who	98	kɔːn	k ɔː n	806	
1924	Portuguese	who	98	kɐ̃j	k ɐ̃ j	352	
1925	Dutch	woman	99	vrɑuʋ	v r ɑu ʋ	923	
1926	Swedish	woman	99	kvinːa	k v i nː a	919	
1927	English	woman	99	ʋʊmən	ʋ ʊ m ə n	919	
1928	German	woman	99	frau	f r au	923	
1929	Spanish	woman	99	muxeɾ	m u x e ɾ	919	
1930	Danish	woman	99	kvenə	k v e n ə	919	
1931	Bulgarian	woman	99	ʒɛna	ʒ ɛ n a	919	
1932	Greek	woman	99	ʝineka	ʝ i n e k a	919	
1933	Armenian	woman	99	kin	k i n	547	
1934	Romanian	woman	99	femeje	f e m e j e	919	
1935	Russian	woman	99	ʒɛnʃʃʲɪnə	ʒ ɛ n ʃːʲ ɪ n ə	919	
1936	Polish	woman	99	kɔbʲɛta	k ɔ bʲ ɛ t a	919	
1937	Norwegian	woman	99	kʋinə	k ʋ i n ə	919	
1938	French	woman	99	fam	f a m	168	
1939	Czech	woman	99	ʒɛna	ʒ ɛ n a	919	
1940	Icelandic	woman	99	kʰɔːna	kʰ ɔː n a	919	
1941	Italian	woman	99	dɔnna	d ɔ nː a	919	
1942	Hindi	woman	99	ɔːrət	ɔː r ə t	662	
1943	Portuguese	woman	99	muʎɛr	m u ʎ ɛ r	919	
1944	German	woman	99	vaip	v ai p	923	
1945	Dutch	yellow	100	xeːl	x eː l	201	
1946	Swedish	yellow	100	guːl	g uː l	257	
1947	English	yellow	100	jɛləʊ	j ɛ l əʊ	81	
1948	German	yellow	100	ɡɛlp	ɡ ɛ l p	343	
1949	Spanish	yellow	100	amaɾiʎo	a m a ɾ i ʎ o	1034	
1950	Danish	yellow	100	guˀl	g uˀ l	426	
1951	Bulgarian	yellow	100	ʒɤlt	ʒ ɤ l t	1034	
1952	Greek	yellow	100	citrinos	c i t r i n o s	1034	
1953	Armenian	yellow	100	dɛʁin	d ɛ ʁ i n	1034	
1954	Romanian	yellow	100	ɡalben	ɡ a l b e n	1034	
1955	Russian	yellow	100	ʒoltɨj	ʒ o l t ɨ j	1034	
1956	Polish	yellow	100	ʒuwtɨ	ʒ u w t ɨ	1034	
1957	Norwegian	yellow	100	gʉːl	g ʉː l	1004	
1958	French	yellow	100	ʒon	ʒ o n	574	
1959	Czech	yellow	100	ʒlʊtiː	ʒ l ʊ t iː	1034	
1960	Icelandic	yellow	100	kʏːlʏr	k ʏː l ʏ r	1034	
1961	Italian	yellow	100	ʤallo	ʤ a lː o	611	
1962	Hindi	yellow	100	piːlaː	p iː l aː	450	
1963	Portuguese	yellow	100	ɐmɐrɛlu	ɐ m ɐ r ɛ l u	1034	
1964	Dutch	far	101	vɛr	v ɛ r	52	
1965	Swedish	far	101	loŋ	l o ŋ	431	
1966	English	far	101	fɑːr	f ɑː r	690	
1967	German	far	101	fɛrn	f ɛ r n	431	
1968	Spanish	far	101	lexano	l e x a n o	431	
1969	Danish	far	101	fjæʁˀn	f j æ ʁˀ n	431	
1970	Bulgarian	far	101	dəlɛʧɛn	d ə l ɛ ʧ ɛ n	431	
1971	Greek	far	101	makran	m a k r a n	431	
1972	Armenian	far	101	hɛru	h ɛ r u	855	
1973	Romanian	far	101	depərte	d e p ə r t e	431	
1974	Russian	far	101	dɐlʲokʲɪj	d ɐ lʲ o kʲ ɪ j	431	
1975	Polish	far	101	dalɛki	d a l ɛ k i	431	
1976	Norwegian	far	101	buʈ	b u ʈ	288	
1977	French	far	101	lwɛ̃	l w ɛ̃	106	
1978	Czech	far	101	dalɛkiː	d a l ɛ k iː	431	
1979	Icelandic	far	101	laŋ	l a ŋ	222	
1980	Italian	far	101	lontano	l o n t a n o	431	
1981	Hindi	far	101	duːr	d uː r	321	
1982	Portuguese	far	101	lõʒə	l õ ʒ ə	572	
1983	Swedish	far	101	fjɛrːan	f j ɛ rː a n	431	
1984	Danish	far	101	lɑŋˀ	l ɑ ŋˀ	431	
1985	Dutch	heavy	102	zʋaːr	z ʋ aː r	142	
1986	Swedish	heavy	102	svoːr	s v oː r	591	
1987	English	heavy	102	hɛvɪ	h ɛ v ɪ	635	
1988	German	heavy	102	ʃveːr	ʃ v eː r	591	
1989	Spanish	heavy	102	pesaðo	p e s a ð o	868	
1990	Danish	heavy	102	tɔŋˀ	t ɔ ŋˀ	591	
1991	Bulgarian	heavy	102	tɛʒək	t ɛ ʒ ə k	1012	
1992	Greek	heavy	102	varis	v a r i s	151	
1993	Romanian	heavy	102	grew	g r e w	711	
1994	Russian	heavy	102	tʲɪʒolɨj	tʲ ɪ ʒ o l ɨ j	868	
1995	Polish	heavy	102	ʨɛ̃ʃki	ʨ ɛ̃ ʃ k i	868	
1996	Norwegian	heavy	102	tuŋ	t u ŋ	759	
1997	French	heavy	102	luʁ	l u ʁ	510	
1998	Czech	heavy	102	tʲɛʃkiː	tʲ ɛ ʃ k iː	868	
1999	Icelandic	heavy	102	θuŋkʏr	θ u ŋ k ʏ r	868	
2000	Italian	heavy	102	pesante	p e s a n t e	868	
2001	Hindi	heavy	102	bʱaːriː	bʱ aː r iː	50	
2002	Portuguese	heavy	102	pəzadu	p ə z a d u	868	
2003	Swedish	heavy	102	tuŋː	t u ŋː	591	
2004	Danish	heavy	102	svɛˀʁ	s v ɛˀ ʁ	591	
2005	Dutch	near	103	naːbɛɪ	n aː b ɛɪ	771	
2006	Swedish	near	103	nɛːra	n ɛː r a	1018	
2007	English	near	103	nɪər	n ɪə r	1018	
2008	German	near	103	naːə	n aːə	721	
2009	Spanish	near	103	θerka	θ e r k a	1018	
2010	Danish	near	103	nɛˀʁ	n ɛˀ ʁ	551	
2011	Bulgarian	near	103	blizək	b l i z ə k	1018	
2012	Greek	near	103	konda	k o n d a	1018	
2013	Armenian	near	103	mot	m o t	664	
2014	Romanian	near	103	apropia	a p r o p ia	1018	
2015	Russian	near	103	blʲizkʲɪj	b lʲ i z kʲ ɪ j	1018	
2016	Polish	near	103	bliskɨ	b l i s k ɨ	1018	
2017	Norwegian	near	103	næːɾ	n æː ɾ	785	
2018	French	near	103	prɔʃ	p r ɔ ʃ	1018	
2019	Czech	near	103	bliːskiː	b l iː s k iː	1018	
2020	Icelandic	near	103	nauː	n auː	546	
2021	Italian	near	103	prossimo	p r o sː i m o	1018	
2022	Hindi	near	103	paːs	p aː s	304	
2023	Portuguese	near	103	prɔsimu	p r ɔ s i m u	1018	
2024	Dutch	near	103	dɪɣdbɛɪ	d ɪ ɣ d b ɛɪ	771	
2025	English	near	103	kləʊs	k l əʊ s	1018	
2026	Dutch	salt	104	zɑut	z ɑu t	162	
2027	Swedish	salt	104	salːt	s a lː t	904	
2028	English	salt	104	sɔːlt	s ɔː l t	904	
2029	German	salt	104	zalt͡s	z a l t͡s	811	
2030	Spanish	salt	104	sal	s a l	961	
2031	Danish	salt	104	salˀd	s a lˀ d	904	
2032	Bulgarian	salt	104	sol	s o l	303	
2033	Greek	salt	104	alati	a l a t i	650	
2034	Armenian	salt	104	ɑʁ	ɑ ʁ	60	
2035	Romanian	salt	104	sare	s a r e	961	
2036	Russian	salt	104	solʲ	s o lʲ	24	
2037	Polish	salt	104	sul	s u l	11	
2038	Norwegian	salt	104	sɑlt	s ɑ l t	904	
2039	French	salt	104	sɛl	s ɛ l	41	
2040	Czech	salt	104	suːl	s uː l	493	
2041	Icelandic	salt	104	sal̥t	s a l̥ t	904	
2042	Italian	salt	104	sale	s a l e	961	
2043	Portuguese	salt	104	sal	s a l	961	
2044	Dutch	short	105	kɔrt	k ɔ r t	933	
2045	Swedish	short	105	kɔrt	k ɔ r t	933	
2046	English	short	105	ʃɔːrt	ʃ ɔː r t	933	
2047	German	short	105	kʊrt͡s	k ʊ r t͡s	933	
2048	Spanish	short	105	koɾto	k o ɾ t o	933	
2049	Danish	short	105	kɒːd	k ɒː d	259	
2050	Bulgarian	short	105	kratək	k r a t ə k	933	
2051	Greek	short	105	kondos	k o n d o s	933	
2052	Armenian	short	105	kɑɾʧ	k ɑ ɾ ʧ	933	
2053	Romanian	short	105	skurt	s k u r t	933	
2054	Russian	short	105	kɐrotkʲɪj	k ɐ r o t kʲ ɪ j	933	
2055	Polish	short	105	krutki	k r u t k i	933	
2056	Norwegian	short	105	kɔʈ	k ɔ ʈ	266	
2057	French	short	105	kuʁ	k u ʁ	933	
2058	Czech	short	105	kraːtkiː	k r aː t k iː	933	
2059	Icelandic	short	105	stʏʰtʏr	s t ʏʰ t ʏ r	933	
2060	Italian	short	105	brɛve	b r ɛ v e	933	
2061	Hindi	short	105	ʧʰoʈaː	ʧʰ o ʈ aː	528	
2062	Portuguese	short	105	kurtu	k u r t u	933	
2063	Spanish	short	105	breve	b r e v e	933	
2064	Bulgarian	short	105	kɤs	k ɤ s	933	
2065	French	short	105	bʁɛf	b ʁ ɛ f	933	
2066	Italian	short	105	korto	k o r t o	933	
2067	Portuguese	short	105	brɛvə	b r ɛ v ə	933	
2068	Dutch	snake	106	slɑŋ	s l ɑ ŋ	930	
2069	Swedish	snake	106	orːm	o rː m	105	
2070	English	snake	106	sneɪk	s n eɪ k	930	
2071	German	snake	106	ʃlaŋə	ʃ l a ŋ ə	930	
2072	Spanish	snake	106	kulevra	k u l e v r a	930	
2073	Danish	snake	106	slɑŋə	s l ɑ ŋ ə	930	
2074	Bulgarian	snake	106	zmija	z m i j a	954	
2075	Greek	snake	106	fiði	f i ð i	824	
2076	Armenian	snake	106	oʦʰ	o ʦʰ	649	
2077	Romanian	snake	106	ʃarpe	ʃ a r p e	930	
2078	Russian	snake	106	zmʲɪja	z mʲ ɪ j a	954	
2079	Polish	snake	106	ʒmija	ʒ m i j a	954	
2080	Norwegian	snake	106	ɔɾm	ɔ ɾ m	930	
2081	French	snake	106	sɛʁpɑ̃	s ɛ ʁ p ɑ̃	930	
2082	Czech	snake	106	ɦat	ɦ a t	848	
2083	Icelandic	snake	106	st͡lauŋka	s t͡l au ŋ k a	930	
2084	Italian	snake	106	sɛrpɛnte	s ɛ r p ɛ n t e	930	
2085	Hindi	snake	106	sãːp	s ãː p	45	
2086	Portuguese	snake	106	sərpẽtə	s ə r p ẽ t ə	930	
2087	Spanish	snake	106	seɾpjente	s e ɾ p j e n t e	930	
2088	Polish	snake	106	vɔ̃ʒ	v ɔ̃ ʒ	954	
2089	Norwegian	snake	106	ʃlɑŋə	ʃ l ɑ ŋ ə	930	
2090	Portuguese	snake	106	kɔbrɐ	k ɔ b r ɐ	930	
2091	Dutch	thin	107	fɛɪn	f ɛɪ n	846	
2092	Swedish	thin	107	smal	s m a l	1037	
2093	English	thin	107	θɪn	θ ɪ n	676	
2094	German	thin	107	dʏn	d ʏ n	251	
2095	Spanish	thin	107	delɣaðo	d e l ɣ a ð o	1037	
2096	Danish	thin	107	tønˀ	t ø nˀ	1037	
2097	Bulgarian	thin	107	tɤnək	t ɤ n ə k	1037	
2098	Greek	thin	107	leptos	l e p t o s	1037	
2099	Armenian	thin	107	bɑɾɑk	b ɑ ɾ ɑ k	1037	
2100	Romanian	thin	107	subʦire	s u b ʦ i r e	1037	
2101	Russian	thin	107	tonkʲɪj	t o n kʲ ɪ j	1037	
2102	Polish	thin	107	ʨɛ̃nki	ʨ ɛ̃ n k i	1037	
2103	Norwegian	thin	107	tyn	t y n	1037	
2104	French	thin	107	mɛ̃s	m ɛ̃ s	292	
2105	Czech	thin	107	tɛŋkiː	t ɛ ŋ k iː	1037	
2106	Icelandic	thin	107	θʏnːʏr	θ ʏ nː ʏ r	457	
2107	Italian	thin	107	fine	f i n e	1037	
2108	Hindi	thin	107	pətlaː	p ə t l aː	1037	
2109	Portuguese	thin	107	finu	f i n u	1037	
2110	Dutch	thin	107	dʉn	d ʉ n	846	
2111	Swedish	thin	107	tunː	t u nː	1037	
2112	Spanish	thin	107	sutil	s u t i l	1037	
2113	Danish	thin	107	smalˀ	s m a lˀ	1037	
2114	Romanian	thin	107	fin	f i n	1037	
2115	Norwegian	thin	107	smɑːl	s m ɑː l	1037	
2116	Italian	thin	107	sottile	s o tː i l e	1037	
2117	Portuguese	thin	107	dɛlgadu	d ɛ l g a d u	1037	
2118	Dutch	wind	108	ʋɪnt	ʋ ɪ n t	994	
2119	Swedish	wind	108	vind	v i n d	994	
2120	English	wind	108	ʋɪnd	ʋ ɪ n d	994	
2121	German	wind	108	vɪnt	v ɪ n t	994	
2122	Spanish	wind	108	bjento	b j e n t o	994	
2123	Danish	wind	108	venˀ	v e nˀ	661	
2124	Bulgarian	wind	108	vʲatər	vʲ a t ə r	994	
2125	Greek	wind	108	anemos	a n e m o s	994	
2126	Romanian	wind	108	vɨnt	v ɨ n t	994	
2127	Russian	wind	108	vʲetʲɪr	vʲ e tʲ ɪ r	994	
2128	Polish	wind	108	vʲatr	vʲ a t r	994	
2129	Norwegian	wind	108	ʋin	ʋ i n	777	
2130	French	wind	108	vɑ̃	v ɑ̃	693	
2131	Icelandic	wind	108	vɪntʏr	v ɪ n t ʏ r	994	
2132	Italian	wind	108	vɛnto	v ɛ n t o	994	
2133	Portuguese	wind	108	vẽtu	v ẽ t u	994	
2134	Dutch	worm	109	ʋɔrm	ʋ ɔ r m	977	
2135	Swedish	worm	109	masːk	m a sː k	977	
2136	English	worm	109	ʋɜːrm	ʋ ɜː r m	977	
2137	German	worm	109	vʊrm	v ʊ r m	977	
2138	Spanish	worm	109	berme	b e r m e	977	
2139	Danish	worm	109	oʁˀm	o ʁˀ m	35	
2140	Bulgarian	worm	109	ʧɛrvɛj	ʧ ɛ r v ɛ j	977	
2141	Greek	worm	109	skulici	s k u l i c i	977	
2142	Romanian	worm	109	vjerme	v j e r m e	977	
2143	Russian	worm	109	ʧerfʲ	ʧ e r fʲ	977	
2144	Polish	worm	109	ʧɛrf	ʧ ɛ r f	977	
2145	Norwegian	worm	109	mɑɾk	m ɑ ɾ k	977	
2146	French	worm	109	vɛʁ	v ɛ ʁ	17	
2147	Czech	worm	109	ʧɛrf	ʧ ɛ r f	977	
2148	Icelandic	worm	109	ɔrmʏr	ɔ r m ʏ r	977	
2149	Italian	worm	109	vɛrme	v ɛ r m e	977	
2150	Hindi	worm	109	kiːɽaː	k iː ɽ aː	317	
2151	Portuguese	worm	109	vɛrmə	v ɛ r m ə	977	
2152	Dutch	worm	109	maːdə	m aː d ə	977	
2153	Icelandic	worm	109	maθkʏr	m a θ k ʏ r	977	
2154	Dutch	year	110	jaːr	j aː r	396	
2155	Swedish	year	110	oːr	oː r	702	
2156	English	year	110	jɪər	j ɪə r	139	
2157	German	year	110	jaːr	j aː r	396	
2158	Spanish	year	110	aɲo	a ɲ o	669	
2159	Danish	year	110	ɒˀʁ	ɒˀ ʁ	437	
2160	Bulgarian	year	110	ɡodinə	ɡ o d i n ə	687	
2161	Greek	year	110	etos	e t o s	872	
2162	Armenian	year	110	tɑɾi	t ɑ ɾ i	331	
2163	Romanian	year	110	an	a n	752	
2164	Russian	year	110	ɡot	ɡ o t	411	
2165	Polish	year	110	rɔk	r ɔ k	237	
2166	Norwegian	year	110	oːɾ	oː ɾ	380	
2167	French	year	110	ɑ̃	ɑ̃	505	
2168	Czech	year	110	rok	r o k	384	
2169	Icelandic	year	110	auːr	auː r	281	
2170	Italian	year	110	anno	a nː o	939	
2171	Hindi	year	110	bərəs	b ə r ə s	197	
2172	Portuguese	year	110	ɐnu	ɐ n u	211	
